SourceFile,FileName,DateTimeOriginal,ExposureTime,ISO,DriveMode,ImageCount
/run/media/mike/disk/DCIM/128_FUJI/_DSF8181.RAF,_DSF8181.RAF,2026:08:01 21:02:21,1/4,320,Continuous High,9415
/run/media/mike/disk/DCIM/128_FUJI/_DSF8182.RAF,_DSF8182.RAF,2026:08:01 21:02:23,1/4,320,Continuous High,9416
/run/media/mike/disk/DCIM/128_FUJI/_DSF8183.RAF,_DSF8183.RAF,2026:08:01 21:02:25,1/4,320,Continuous High,9417
/run/media/mike/disk/DCIM/128_FUJI/_DSF8184.RAF,_DSF8184.RAF,2026:08:01 21:02:27,1/4,320,Continuous High,9418
/run/media/mike/disk/DCIM/128_FUJI/_DSF8185.RAF,_DSF8185.RAF,2026:08:01 21:02:30,1/4,320,Continuous High,9419
/run/media/mike/disk/DCIM/128_FUJI/_DSF8186.RAF,_DSF8186.RAF,2026:08:01 21:02:32,1/4,320,Continuous High,9420
/run/media/mike/disk/DCIM/128_FUJI/_DSF8187.RAF,_DSF8187.RAF,2026:08:01 21:02:34,1/4,320,Continuous High,9421
/run/media/mike/disk/DCIM/128_FUJI/_DSF8188.RAF,_DSF8188.RAF,2026:08:01 21:02:36,1/4,320,Continuous High,9422
/run/media/mike/disk/DCIM/128_FUJI/_DSF8189.RAF,_DSF8189.RAF,2026:08:01 21:02:38,1/4,320,Continuous High,9423
/run/media/mike/disk/DCIM/128_FUJI/_DSF8190.RAF,_DSF8190.RAF,2026:08:01 21:02:40,1/4,320,Continuous High,9424
/run/media/mike/disk/DCIM/128_FUJI/_DSF8191.RAF,_DSF8191.RAF,2026:08:01 21:02:42,1/4,320,Continuous High,9425
/run/media/mike/disk/DCIM/128_FUJI/_DSF8192.RAF,_DSF8192.RAF,2026:08:01 21:02:44,1/4,320,Continuous High,9426
/run/media/mike/disk/DCIM/128_FUJI/_DSF8193.RAF,_DSF8193.RAF,2026:08:01 21:02:46,1/4,320,Continuous High,9427
/run/media/mike/disk/DCIM/128_FUJI/_DSF8194.RAF,_DSF8194.RAF,2026:08:01 21:02:46,1/4,320,Continuous High,9428
/run/media/mike/disk/DCIM/128_FUJI/_DSF8195.RAF,_DSF8195.RAF,2026:08:01 21:02:46,1/4,320,Continuous High,9429
/run/media/mike/disk/DCIM/128_FUJI/_DSF8196.RAF,_DSF8196.RAF,2026:08:01 21:02:46,1/4,320,Continuous High,9430
/run/media/mike/disk/DCIM/128_FUJI/_DSF8197.RAF,_DSF8197.RAF,2026:08:01 21:02:47,1/4,320,Continuous High,9431
/run/media/mike/disk/DCIM/128_FUJI/_DSF8198.RAF,_DSF8198.RAF,2026:08:01 21:02:47,1/4,320,Continuous High,9432
/run/media/mike/disk/DCIM/128_FUJI/_DSF8199.RAF,_DSF8199.RAF,2026:08:01 21:02:47,1/4,320,Continuous High,9433
/run/media/mike/disk/DCIM/128_FUJI/_DSF8200.RAF,_DSF8200.RAF,2026:08:01 21:02:49,1/4,320,Continuous High,9434
/run/media/mike/disk/DCIM/128_FUJI/_DSF8201.RAF,_DSF8201.RAF,2026:08:01 21:02:49,1/4,320,Continuous High,9435
/run/media/mike/disk/DCIM/128_FUJI/_DSF8202.RAF,_DSF8202.RAF,2026:08:01 21:02:49,1/4,320,Continuous High,9436
/run/media/mike/disk/DCIM/128_FUJI/_DSF8203.RAF,_DSF8203.RAF,2026:08:01 21:02:55,1/4,320,Continuous High,9437
/run/media/mike/disk/DCIM/128_FUJI/_DSF8204.RAF,_DSF8204.RAF,2026:08:01 21:02:56,1/4,320,Continuous High,9438
/run/media/mike/disk/DCIM/128_FUJI/_DSF8205.RAF,_DSF8205.RAF,2026:08:01 21:02:56,1/4,320,Continuous High,9439
/run/media/mike/disk/DCIM/128_FUJI/_DSF8206.RAF,_DSF8206.RAF,2026:08:01 21:02:56,1/4,320,Continuous High,9440
/run/media/mike/disk/DCIM/128_FUJI/_DSF8207.RAF,_DSF8207.RAF,2026:08:01 21:02:57,1/4,320,Continuous High,9441
/run/media/mike/disk/DCIM/128_FUJI/_DSF8208.RAF,_DSF8208.RAF,2026:08:01 21:02:57,1/4,320,Continuous High,9442
/run/media/mike/disk/DCIM/128_FUJI/_DSF8209.RAF,_DSF8209.RAF,2026:08:01 21:02:57,1/4,320,Continuous High,9443
/run/media/mike/disk/DCIM/128_FUJI/_DSF8210.RAF,_DSF8210.RAF,2026:08:01 21:02:58,1/4,320,Continuous High,9444
/run/media/mike/disk/DCIM/128_FUJI/_DSF8211.RAF,_DSF8211.RAF,2026:08:01 21:02:58,1/4,320,Continuous High,9445
/run/media/mike/disk/DCIM/128_FUJI/_DSF8212.RAF,_DSF8212.RAF,2026:08:01 21:02:58,1/4,320,Continuous High,9446
/run/media/mike/disk/DCIM/128_FUJI/_DSF8213.RAF,_DSF8213.RAF,2026:08:01 21:09:38,1/4,320,Continuous High,9447
/run/media/mike/disk/DCIM/128_FUJI/_DSF8214.RAF,_DSF8214.RAF,2026:08:01 21:09:40,1/4,320,Continuous High,9448
/run/media/mike/disk/DCIM/128_FUJI/_DSF8215.RAF,_DSF8215.RAF,2026:08:01 21:09:42,1/4,320,Continuous High,9449
/run/media/mike/disk/DCIM/128_FUJI/_DSF8216.RAF,_DSF8216.RAF,2026:08:01 21:09:44,1/4,320,Continuous High,9450
/run/media/mike/disk/DCIM/128_FUJI/_DSF8217.RAF,_DSF8217.RAF,2026:08:01 21:09:47,1/4,320,Continuous High,9451
/run/media/mike/disk/DCIM/128_FUJI/_DSF8218.RAF,_DSF8218.RAF,2026:08:01 21:09:49,1/4,320,Continuous High,9452
/run/media/mike/disk/DCIM/128_FUJI/_DSF8219.RAF,_DSF8219.RAF,2026:08:01 21:09:52,1/4,320,Continuous High,9453
/run/media/mike/disk/DCIM/128_FUJI/_DSF8220.RAF,_DSF8220.RAF,2026:08:01 21:09:54,1/4,320,Continuous High,9454
/run/media/mike/disk/DCIM/128_FUJI/_DSF8221.RAF,_DSF8221.RAF,2026:08:01 21:09:56,1/4,320,Continuous High,9455
/run/media/mike/disk/DCIM/128_FUJI/_DSF8222.RAF,_DSF8222.RAF,2026:08:01 21:09:59,1/4,320,Continuous High,9456
/run/media/mike/disk/DCIM/128_FUJI/_DSF8223.RAF,_DSF8223.RAF,2026:08:01 21:10:01,1/4,320,Continuous High,9457
/run/media/mike/disk/DCIM/128_FUJI/_DSF8224.RAF,_DSF8224.RAF,2026:08:01 21:10:03,1/4,320,Continuous High,9458
/run/media/mike/disk/DCIM/128_FUJI/_DSF8225.RAF,_DSF8225.RAF,2026:08:01 21:10:07,1/4,320,Continuous High,9459
/run/media/mike/disk/DCIM/128_FUJI/_DSF8226.RAF,_DSF8226.RAF,2026:08:01 21:10:07,1/4,320,Continuous High,9460
/run/media/mike/disk/DCIM/128_FUJI/_DSF8227.RAF,_DSF8227.RAF,2026:08:01 21:10:07,1/4,320,Continuous High,9461
/run/media/mike/disk/DCIM/128_FUJI/_DSF8228.RAF,_DSF8228.RAF,2026:08:01 21:10:08,1/4,320,Continuous High,9462
/run/media/mike/disk/DCIM/128_FUJI/_DSF8229.RAF,_DSF8229.RAF,2026:08:01 21:10:08,1/4,320,Continuous High,9463
/run/media/mike/disk/DCIM/128_FUJI/_DSF8230.RAF,_DSF8230.RAF,2026:08:01 21:10:08,1/4,320,Continuous High,9464
/run/media/mike/disk/DCIM/128_FUJI/_DSF8231.RAF,_DSF8231.RAF,2026:08:01 21:10:09,1/4,320,Continuous High,9465
/run/media/mike/disk/DCIM/128_FUJI/_DSF8232.RAF,_DSF8232.RAF,2026:08:01 21:10:09,1/4,320,Continuous High,9466
/run/media/mike/disk/DCIM/128_FUJI/_DSF8233.RAF,_DSF8233.RAF,2026:08:01 21:10:09,1/4,320,Continuous High,9467
/run/media/mike/disk/DCIM/128_FUJI/_DSF8234.RAF,_DSF8234.RAF,2026:08:01 21:10:10,1/4,320,Continuous High,9468
/run/media/mike/disk/DCIM/128_FUJI/_DSF8235.RAF,_DSF8235.RAF,2026:08:01 21:10:14,1/4,320,Continuous High,9469
/run/media/mike/disk/DCIM/128_FUJI/_DSF8236.RAF,_DSF8236.RAF,2026:08:01 21:10:14,1/4,320,Continuous High,9470
/run/media/mike/disk/DCIM/128_FUJI/_DSF8237.RAF,_DSF8237.RAF,2026:08:01 21:10:14,1/4,320,Continuous High,9471
/run/media/mike/disk/DCIM/128_FUJI/_DSF8238.RAF,_DSF8238.RAF,2026:08:01 21:10:15,1/4,320,Continuous High,9472
/run/media/mike/disk/DCIM/128_FUJI/_DSF8239.RAF,_DSF8239.RAF,2026:08:01 21:10:15,1/4,320,Continuous High,9473
/run/media/mike/disk/DCIM/128_FUJI/_DSF8240.RAF,_DSF8240.RAF,2026:08:01 21:10:15,1/4,320,Continuous High,9474
/run/media/mike/disk/DCIM/128_FUJI/_DSF8241.RAF,_DSF8241.RAF,2026:08:01 21:10:16,1/4,320,Continuous High,9475
/run/media/mike/disk/DCIM/128_FUJI/_DSF8242.RAF,_DSF8242.RAF,2026:08:01 21:10:16,1/4,320,Continuous High,9476
/run/media/mike/disk/DCIM/128_FUJI/_DSF8243.RAF,_DSF8243.RAF,2026:08:01 21:10:16,1/4,320,Continuous High,9477
/run/media/mike/disk/DCIM/128_FUJI/_DSF8244.RAF,_DSF8244.RAF,2026:08:01 21:10:16,1/4,320,Continuous High,9478
/run/media/mike/disk/DCIM/128_FUJI/_DSF8245.RAF,_DSF8245.RAF,2026:08:01 21:10:21,1/1000,320,Continuous High,9479
/run/media/mike/disk/DCIM/128_FUJI/_DSF8246.RAF,_DSF8246.RAF,2026:08:01 21:10:21,1/1000,320,Continuous High,9480
/run/media/mike/disk/DCIM/128_FUJI/_DSF8247.RAF,_DSF8247.RAF,2026:08:01 21:10:22,1/1000,320,Continuous High,9481
/run/media/mike/disk/DCIM/128_FUJI/_DSF8248.RAF,_DSF8248.RAF,2026:08:01 21:10:22,1/1000,320,Continuous High,9482
/run/media/mike/disk/DCIM/128_FUJI/_DSF8249.RAF,_DSF8249.RAF,2026:08:01 21:10:23,1/250,320,Continuous High,9483
/run/media/mike/disk/DCIM/128_FUJI/_DSF8250.RAF,_DSF8250.RAF,2026:08:01 21:10:24,1/250,320,Continuous High,9484
/run/media/mike/disk/DCIM/128_FUJI/_DSF8251.RAF,_DSF8251.RAF,2026:08:01 21:10:25,1/250,320,Continuous High,9485
/run/media/mike/disk/DCIM/128_FUJI/_DSF8252.RAF,_DSF8252.RAF,2026:08:01 21:10:25,1/250,320,Continuous High,9486
/run/media/mike/disk/DCIM/128_FUJI/_DSF8253.RAF,_DSF8253.RAF,2026:08:01 21:10:26,1/60,320,Continuous High,9487
/run/media/mike/disk/DCIM/128_FUJI/_DSF8254.RAF,_DSF8254.RAF,2026:08:01 21:10:26,1/60,320,Continuous High,9488
/run/media/mike/disk/DCIM/128_FUJI/_DSF8255.RAF,_DSF8255.RAF,2026:08:01 21:10:27,1/60,320,Continuous High,9489
/run/media/mike/disk/DCIM/128_FUJI/_DSF8256.RAF,_DSF8256.RAF,2026:08:01 21:10:27,1/60,320,Continuous High,9490
/run/media/mike/disk/DCIM/128_FUJI/_DSF8257.RAF,_DSF8257.RAF,2026:08:01 21:10:29,1/15,320,Continuous High,9491
/run/media/mike/disk/DCIM/128_FUJI/_DSF8258.RAF,_DSF8258.RAF,2026:08:01 21:10:30,1/15,320,Continuous High,9492
/run/media/mike/disk/DCIM/128_FUJI/_DSF8259.RAF,_DSF8259.RAF,2026:08:01 21:10:31,1/4,320,Continuous High,9493
/run/media/mike/disk/DCIM/128_FUJI/_DSF8260.RAF,_DSF8260.RAF,2026:08:01 21:10:33,1/4,320,Continuous High,9494
/run/media/mike/disk/DCIM/128_FUJI/_DSF8261.RAF,_DSF8261.RAF,2026:08:01 21:10:45,1/500,320,Continuous High,9495
/run/media/mike/disk/DCIM/128_FUJI/_DSF8262.RAF,_DSF8262.RAF,2026:08:01 21:10:45,1/500,320,Continuous High,9496
/run/media/mike/disk/DCIM/128_FUJI/_DSF8263.RAF,_DSF8263.RAF,2026:08:01 21:10:45,1/500,320,Continuous High,9497
/run/media/mike/disk/DCIM/128_FUJI/_DSF8264.RAF,_DSF8264.RAF,2026:08:01 21:10:45,1/500,320,Continuous High,9498
/run/media/mike/disk/DCIM/128_FUJI/_DSF8265.RAF,_DSF8265.RAF,2026:08:01 21:10:45,1/500,320,Continuous High,9499
/run/media/mike/disk/DCIM/128_FUJI/_DSF8266.RAF,_DSF8266.RAF,2026:08:01 21:10:46,1/500,320,Continuous High,9500
/run/media/mike/disk/DCIM/128_FUJI/_DSF8267.RAF,_DSF8267.RAF,2026:08:01 21:10:46,1/500,320,Continuous High,9501
/run/media/mike/disk/DCIM/128_FUJI/_DSF8268.RAF,_DSF8268.RAF,2026:08:01 21:10:46,1/500,320,Continuous High,9502
/run/media/mike/disk/DCIM/128_FUJI/_DSF8269.RAF,_DSF8269.RAF,2026:08:01 21:10:46,1/500,320,Continuous High,9503
/run/media/mike/disk/DCIM/128_FUJI/_DSF8270.RAF,_DSF8270.RAF,2026:08:01 21:10:46,1/500,320,Continuous High,9504
/run/media/mike/disk/DCIM/128_FUJI/_DSF8271.RAF,_DSF8271.RAF,2026:08:01 21:10:46,1/500,320,Continuous High,9505
/run/media/mike/disk/DCIM/128_FUJI/_DSF8272.RAF,_DSF8272.RAF,2026:08:01 21:10:46,1/500,320,Continuous High,9506
/run/media/mike/disk/DCIM/128_FUJI/_DSF8273.RAF,_DSF8273.RAF,2026:08:01 21:10:46,1/500,320,Continuous High,9507
/run/media/mike/disk/DCIM/128_FUJI/_DSF8274.RAF,_DSF8274.RAF,2026:08:01 21:10:46,1/500,320,Continuous High,9508
/run/media/mike/disk/DCIM/128_FUJI/_DSF8275.RAF,_DSF8275.RAF,2026:08:01 21:10:46,1/500,320,Continuous High,9509
/run/media/mike/disk/DCIM/128_FUJI/_DSF8276.RAF,_DSF8276.RAF,2026:08:01 21:10:46,1/500,320,Continuous High,9510
/run/media/mike/disk/DCIM/128_FUJI/_DSF8277.RAF,_DSF8277.RAF,2026:08:01 21:10:46,1/500,320,Continuous High,9511
/run/media/mike/disk/DCIM/128_FUJI/_DSF8278.RAF,_DSF8278.RAF,2026:08:01 21:10:46,1/500,320,Continuous High,9512
/run/media/mike/disk/DCIM/128_FUJI/_DSF8279.RAF,_DSF8279.RAF,2026:08:01 21:10:46,1/500,320,Continuous High,9513
/run/media/mike/disk/DCIM/128_FUJI/_DSF8280.RAF,_DSF8280.RAF,2026:08:01 21:10:47,1/500,320,Continuous High,9514
/run/media/mike/disk/DCIM/128_FUJI/_DSF8281.RAF,_DSF8281.RAF,2026:08:01 21:10:47,1/500,320,Continuous High,9515
/run/media/mike/disk/DCIM/128_FUJI/_DSF8282.RAF,_DSF8282.RAF,2026:08:01 21:10:47,1/500,320,Continuous High,9516
/run/media/mike/disk/DCIM/128_FUJI/_DSF8283.RAF,_DSF8283.RAF,2026:08:01 21:10:47,1/500,320,Continuous High,9517
/run/media/mike/disk/DCIM/128_FUJI/_DSF8284.RAF,_DSF8284.RAF,2026:08:01 21:10:47,1/500,320,Continuous High,9518
/run/media/mike/disk/DCIM/128_FUJI/_DSF8285.RAF,_DSF8285.RAF,2026:08:01 21:10:47,1/500,320,Continuous High,9519
/run/media/mike/disk/DCIM/128_FUJI/_DSF8286.RAF,_DSF8286.RAF,2026:08:01 21:10:47,1/500,320,Continuous High,9520
/run/media/mike/disk/DCIM/128_FUJI/_DSF8287.RAF,_DSF8287.RAF,2026:08:01 21:10:47,1/500,320,Continuous High,9521
/run/media/mike/disk/DCIM/128_FUJI/_DSF8288.RAF,_DSF8288.RAF,2026:08:01 21:10:47,1/500,320,Continuous High,9522
/run/media/mike/disk/DCIM/128_FUJI/_DSF8289.RAF,_DSF8289.RAF,2026:08:01 21:10:47,1/500,320,Continuous High,9523
/run/media/mike/disk/DCIM/128_FUJI/_DSF8290.RAF,_DSF8290.RAF,2026:08:01 21:10:47,1/500,320,Continuous High,9524
/run/media/mike/disk/DCIM/128_FUJI/_DSF8291.RAF,_DSF8291.RAF,2026:08:01 21:10:47,1/500,320,Continuous High,9525
/run/media/mike/disk/DCIM/128_FUJI/_DSF8292.RAF,_DSF8292.RAF,2026:08:01 21:11:02,1/500,320,Continuous High,9526
/run/media/mike/disk/DCIM/128_FUJI/_DSF8293.RAF,_DSF8293.RAF,2026:08:01 21:11:02,1/500,320,Continuous High,9527
/run/media/mike/disk/DCIM/128_FUJI/_DSF8294.RAF,_DSF8294.RAF,2026:08:01 21:11:02,1/500,320,Continuous High,9528
/run/media/mike/disk/DCIM/128_FUJI/_DSF8295.RAF,_DSF8295.RAF,2026:08:01 21:11:02,1/500,320,Continuous High,9529
/run/media/mike/disk/DCIM/128_FUJI/_DSF8296.RAF,_DSF8296.RAF,2026:08:01 21:11:02,1/500,320,Continuous High,9530
/run/media/mike/disk/DCIM/128_FUJI/_DSF8297.RAF,_DSF8297.RAF,2026:08:01 21:11:02,1/500,320,Continuous High,9531
/run/media/mike/disk/DCIM/128_FUJI/_DSF8298.RAF,_DSF8298.RAF,2026:08:01 21:11:02,1/500,320,Continuous High,9532
/run/media/mike/disk/DCIM/128_FUJI/_DSF8299.RAF,_DSF8299.RAF,2026:08:01 21:11:02,1/500,320,Continuous High,9533
/run/media/mike/disk/DCIM/128_FUJI/_DSF8300.RAF,_DSF8300.RAF,2026:08:01 21:11:02,1/500,320,Continuous High,9534
/run/media/mike/disk/DCIM/128_FUJI/_DSF8301.RAF,_DSF8301.RAF,2026:08:01 21:11:02,1/500,320,Continuous High,9535
/run/media/mike/disk/DCIM/128_FUJI/_DSF8302.RAF,_DSF8302.RAF,2026:08:01 21:11:02,1/500,320,Continuous High,9536
/run/media/mike/disk/DCIM/128_FUJI/_DSF8303.RAF,_DSF8303.RAF,2026:08:01 21:11:02,1/500,320,Continuous High,9537
/run/media/mike/disk/DCIM/128_FUJI/_DSF8304.RAF,_DSF8304.RAF,2026:08:01 21:11:02,1/500,320,Continuous High,9538
/run/media/mike/disk/DCIM/128_FUJI/_DSF8305.RAF,_DSF8305.RAF,2026:08:01 21:11:02,1/500,320,Continuous High,9539
/run/media/mike/disk/DCIM/128_FUJI/_DSF8306.RAF,_DSF8306.RAF,2026:08:01 21:11:03,1/500,320,Continuous High,9540
/run/media/mike/disk/DCIM/128_FUJI/_DSF8307.RAF,_DSF8307.RAF,2026:08:01 21:11:03,1/500,320,Continuous High,9541
/run/media/mike/disk/DCIM/128_FUJI/_DSF8308.RAF,_DSF8308.RAF,2026:08:01 21:11:03,1/500,320,Continuous High,9542
/run/media/mike/disk/DCIM/128_FUJI/_DSF8309.RAF,_DSF8309.RAF,2026:08:01 21:11:03,1/500,320,Continuous High,9543
/run/media/mike/disk/DCIM/128_FUJI/_DSF8310.RAF,_DSF8310.RAF,2026:08:01 21:11:03,1/500,320,Continuous High,9544
/run/media/mike/disk/DCIM/128_FUJI/_DSF8311.RAF,_DSF8311.RAF,2026:08:01 21:11:03,1/500,320,Continuous High,9545
/run/media/mike/disk/DCIM/128_FUJI/_DSF8312.RAF,_DSF8312.RAF,2026:08:01 21:11:03,1/500,320,Continuous High,9546
/run/media/mike/disk/DCIM/128_FUJI/_DSF8313.RAF,_DSF8313.RAF,2026:08:01 21:11:03,1/500,320,Continuous High,9547
/run/media/mike/disk/DCIM/128_FUJI/_DSF8314.RAF,_DSF8314.RAF,2026:08:01 21:11:03,1/500,320,Continuous High,9548
/run/media/mike/disk/DCIM/128_FUJI/_DSF8315.RAF,_DSF8315.RAF,2026:08:01 21:11:03,1/500,320,Continuous High,9549
/run/media/mike/disk/DCIM/128_FUJI/_DSF8316.RAF,_DSF8316.RAF,2026:08:01 21:11:03,1/500,320,Continuous High,9550
/run/media/mike/disk/DCIM/128_FUJI/_DSF8317.RAF,_DSF8317.RAF,2026:08:01 21:11:03,1/500,320,Continuous High,9551
/run/media/mike/disk/DCIM/128_FUJI/_DSF8318.RAF,_DSF8318.RAF,2026:08:01 21:11:03,1/500,320,Continuous High,9552
/run/media/mike/disk/DCIM/128_FUJI/_DSF8319.RAF,_DSF8319.RAF,2026:08:01 21:11:03,1/500,320,Continuous High,9553
/run/media/mike/disk/DCIM/128_FUJI/_DSF8320.RAF,_DSF8320.RAF,2026:08:01 21:11:03,1/500,320,Continuous High,9554
/run/media/mike/disk/DCIM/128_FUJI/_DSF8321.RAF,_DSF8321.RAF,2026:08:01 21:11:04,1/500,320,Continuous High,9555
/run/media/mike/disk/DCIM/128_FUJI/_DSF8322.RAF,_DSF8322.RAF,2026:08:01 21:11:04,1/500,320,Continuous High,9556
/run/media/mike/disk/DCIM/128_FUJI/_DSF8323.RAF,_DSF8323.RAF,2026:08:01 21:11:04,1/500,320,Continuous High,9557
