SourceFile,FileName,DateTimeOriginal,ExposureTime,ISO,FNumber,ShutterType,DriveMode,DriveSpeed,SequenceNumber,AutoBracketing,ImageCount,ExposureCount,FileModifyDate
/run/media/mike/disk/DCIM/127_FUJI/_DSF7083.RAF,_DSF7083.RAF,2026:08:01 16:38:20,1/125,320,2.0,Mechanical,Single,n/a,0,Off,8318,1,2026:08:01 18:38:20+02:00
/run/media/mike/disk/DCIM/127_FUJI/_DSF7084.RAF,_DSF7084.RAF,2026:08:01 16:38:29,1/125,320,2.0,Mechanical,Single,n/a,0,Off,8319,1,2026:08:01 18:38:30+02:00
/run/media/mike/disk/DCIM/127_FUJI/_DSF7085.RAF,_DSF7085.RAF,2026:08:01 16:38:32,1/125,320,2.0,Mechanical,Single,n/a,0,Off,8320,1,2026:08:01 18:38:32+02:00
/run/media/mike/disk/DCIM/127_FUJI/_DSF7086.RAF,_DSF7086.RAF,2026:08:01 16:38:36,1/125,320,2.0,Mechanical,Single,n/a,0,Off,8321,1,2026:08:01 18:38:36+02:00
/run/media/mike/disk/DCIM/127_FUJI/_DSF7087.RAF,_DSF7087.RAF,2026:08:01 16:38:39,1/125,320,2.0,Mechanical,Single,n/a,0,Off,8322,1,2026:08:01 18:38:38+02:00
/run/media/mike/disk/DCIM/127_FUJI/_DSF7088.RAF,_DSF7088.RAF,2026:08:01 16:38:42,1/125,320,2.0,Mechanical,Single,n/a,0,Off,8323,1,2026:08:01 18:38:42+02:00
/run/media/mike/disk/DCIM/127_FUJI/_DSF7089.RAF,_DSF7089.RAF,2026:08:01 16:38:45,1/125,320,2.0,Mechanical,Single,n/a,0,Off,8324,1,2026:08:01 18:38:46+02:00
/run/media/mike/disk/DCIM/127_FUJI/_DSF7090.RAF,_DSF7090.RAF,2026:08:01 16:38:49,1/125,320,2.0,Mechanical,Single,n/a,0,Off,8325,1,2026:08:01 18:38:48+02:00
/run/media/mike/disk/DCIM/127_FUJI/_DSF7091.RAF,_DSF7091.RAF,2026:08:01 16:38:52,1/125,320,2.0,Mechanical,Single,n/a,0,Off,8326,1,2026:08:01 18:38:52+02:00
/run/media/mike/disk/DCIM/127_FUJI/_DSF7092.RAF,_DSF7092.RAF,2026:08:01 16:38:55,1/125,320,2.0,Mechanical,Single,n/a,0,Off,8327,1,2026:08:01 18:38:56+02:00
/run/media/mike/disk/DCIM/127_FUJI/_DSF7093.RAF,_DSF7093.RAF,2026:08:01 16:39:01,1/125,320,2.0,Mechanical,Single,n/a,0,Off,8328,1,2026:08:01 18:39:02+02:00
/run/media/mike/disk/DCIM/127_FUJI/_DSF7094.RAF,_DSF7094.RAF,2026:08:01 16:39:46,1/1000,320,2.0,Mechanical,Continuous High,10 fps,1,On,8329,1,2026:08:01 18:39:46+02:00
/run/media/mike/disk/DCIM/127_FUJI/_DSF7095.RAF,_DSF7095.RAF,2026:08:01 16:39:46,1/1000,320,2.0,Mechanical,Continuous High,10 fps,2,On,8330,1,2026:08:01 18:39:46+02:00
/run/media/mike/disk/DCIM/127_FUJI/_DSF7096.RAF,_DSF7096.RAF,2026:08:01 16:39:48,1/1000,320,2.0,Mechanical,Continuous High,10 fps,1,On,8331,1,2026:08:01 18:39:48+02:00
/run/media/mike/disk/DCIM/127_FUJI/_DSF7097.RAF,_DSF7097.RAF,2026:08:01 16:39:48,1/1000,320,2.0,Mechanical,Continuous High,10 fps,2,On,8332,1,2026:08:01 18:39:48+02:00
/run/media/mike/disk/DCIM/127_FUJI/_DSF7098.RAF,_DSF7098.RAF,2026:08:01 16:39:54,1/1000,320,2.0,Mechanical,Continuous High,10 fps,1,On,8333,1,2026:08:01 18:39:54+02:00
/run/media/mike/disk/DCIM/127_FUJI/_DSF7099.RAF,_DSF7099.RAF,2026:08:01 16:39:54,1/1000,320,2.0,Mechanical,Continuous High,10 fps,2,On,8334,1,2026:08:01 18:39:54+02:00
/run/media/mike/disk/DCIM/127_FUJI/_DSF7100.RAF,_DSF7100.RAF,2026:08:01 16:39:54,1/1000,320,2.0,Mechanical,Continuous High,10 fps,3,On,8335,1,2026:08:01 18:39:54+02:00
/run/media/mike/disk/DCIM/127_FUJI/_DSF7101.RAF,_DSF7101.RAF,2026:08:01 16:39:55,1/1000,320,2.0,Mechanical,Continuous High,10 fps,4,On,8336,1,2026:08:01 18:39:56+02:00
/run/media/mike/disk/DCIM/127_FUJI/_DSF7102.RAF,_DSF7102.RAF,2026:08:01 16:39:55,1/1000,320,2.0,Mechanical,Continuous High,10 fps,5,On,8337,1,2026:08:01 18:39:56+02:00
/run/media/mike/disk/DCIM/127_FUJI/_DSF7103.RAF,_DSF7103.RAF,2026:08:01 16:39:55,1/1000,320,2.0,Mechanical,Continuous High,10 fps,6,On,8338,1,2026:08:01 18:39:56+02:00
/run/media/mike/disk/DCIM/127_FUJI/_DSF7104.RAF,_DSF7104.RAF,2026:08:01 16:39:55,1/1000,320,2.0,Mechanical,Continuous High,10 fps,7,On,8339,1,2026:08:01 18:39:56+02:00
/run/media/mike/disk/DCIM/127_FUJI/_DSF7105.RAF,_DSF7105.RAF,2026:08:01 16:39:55,1/1000,320,2.0,Mechanical,Continuous High,10 fps,8,On,8340,1,2026:08:01 18:39:56+02:00
/run/media/mike/disk/DCIM/127_FUJI/_DSF7106.RAF,_DSF7106.RAF,2026:08:01 16:39:55,1/1000,320,2.0,Mechanical,Continuous High,10 fps,9,On,8341,1,2026:08:01 18:39:56+02:00
/run/media/mike/disk/DCIM/127_FUJI/_DSF7107.RAF,_DSF7107.RAF,2026:08:01 16:39:55,1/1000,320,2.0,Mechanical,Continuous High,10 fps,10,On,8342,1,2026:08:01 18:39:56+02:00
/run/media/mike/disk/DCIM/127_FUJI/_DSF7108.RAF,_DSF7108.RAF,2026:08:01 16:39:55,1/1000,320,2.0,Mechanical,Continuous High,10 fps,11,On,8343,1,2026:08:01 18:39:58+02:00
/run/media/mike/disk/DCIM/127_FUJI/_DSF7109.RAF,_DSF7109.RAF,2026:08:01 16:39:55,1/1000,320,2.0,Mechanical,Continuous High,10 fps,12,On,8344,1,2026:08:01 18:39:58+02:00
/run/media/mike/disk/DCIM/127_FUJI/_DSF7110.RAF,_DSF7110.RAF,2026:08:01 16:39:56,1/1000,320,2.0,Mechanical,Continuous High,10 fps,13,On,8345,1,2026:08:01 18:39:58+02:00
/run/media/mike/disk/DCIM/127_FUJI/_DSF7111.RAF,_DSF7111.RAF,2026:08:01 16:39:56,1/1000,320,2.0,Mechanical,Continuous High,10 fps,14,On,8346,1,2026:08:01 18:39:58+02:00
/run/media/mike/disk/DCIM/127_FUJI/_DSF7112.RAF,_DSF7112.RAF,2026:08:01 16:39:56,1/1000,320,2.0,Mechanical,Continuous High,10 fps,15,On,8347,1,2026:08:01 18:39:58+02:00
/run/media/mike/disk/DCIM/127_FUJI/_DSF7113.RAF,_DSF7113.RAF,2026:08:01 16:39:56,1/1000,320,2.0,Mechanical,Continuous High,10 fps,16,On,8348,1,2026:08:01 18:39:58+02:00
/run/media/mike/disk/DCIM/127_FUJI/_DSF7114.RAF,_DSF7114.RAF,2026:08:01 16:39:56,1/1000,320,2.0,Mechanical,Continuous High,10 fps,17,On,8349,1,2026:08:01 18:39:58+02:00
/run/media/mike/disk/DCIM/127_FUJI/_DSF7115.RAF,_DSF7115.RAF,2026:08:01 16:39:56,1/1000,320,2.0,Mechanical,Continuous High,10 fps,18,On,8350,1,2026:08:01 18:40:00+02:00
/run/media/mike/disk/DCIM/127_FUJI/_DSF7116.RAF,_DSF7116.RAF,2026:08:01 16:39:56,1/1000,320,2.0,Mechanical,Continuous High,10 fps,19,On,8351,1,2026:08:01 18:40:00+02:00
/run/media/mike/disk/DCIM/127_FUJI/_DSF7117.RAF,_DSF7117.RAF,2026:08:01 16:39:56,1/1000,320,2.0,Mechanical,Continuous High,10 fps,20,On,8352,1,2026:08:01 18:40:00+02:00
/run/media/mike/disk/DCIM/127_FUJI/_DSF7118.RAF,_DSF7118.RAF,2026:08:01 16:39:56,1/1000,320,2.0,Mechanical,Continuous High,10 fps,21,On,8353,1,2026:08:01 18:40:00+02:00
/run/media/mike/disk/DCIM/127_FUJI/_DSF7119.RAF,_DSF7119.RAF,2026:08:01 16:39:56,1/1000,320,2.0,Mechanical,Continuous High,10 fps,22,On,8354,1,2026:08:01 18:40:00+02:00
/run/media/mike/disk/DCIM/127_FUJI/_DSF7120.RAF,_DSF7120.RAF,2026:08:01 16:39:57,1/1000,320,2.0,Mechanical,Continuous High,10 fps,23,On,8355,1,2026:08:01 18:40:00+02:00
/run/media/mike/disk/DCIM/127_FUJI/_DSF7121.RAF,_DSF7121.RAF,2026:08:01 16:39:57,1/1000,320,2.0,Mechanical,Continuous High,10 fps,24,On,8356,1,2026:08:01 18:40:00+02:00
/run/media/mike/disk/DCIM/127_FUJI/_DSF7122.RAF,_DSF7122.RAF,2026:08:01 16:39:57,1/1000,320,2.0,Mechanical,Continuous High,10 fps,25,On,8357,1,2026:08:01 18:40:02+02:00
/run/media/mike/disk/DCIM/127_FUJI/_DSF7123.RAF,_DSF7123.RAF,2026:08:01 16:39:57,1/1000,320,2.0,Mechanical,Continuous High,10 fps,26,On,8358,1,2026:08:01 18:40:02+02:00
/run/media/mike/disk/DCIM/127_FUJI/_DSF7124.RAF,_DSF7124.RAF,2026:08:01 16:39:57,1/1000,320,2.0,Mechanical,Continuous High,10 fps,27,On,8359,1,2026:08:01 18:40:02+02:00
/run/media/mike/disk/DCIM/127_FUJI/_DSF7125.RAF,_DSF7125.RAF,2026:08:01 16:39:57,1/1000,320,2.0,Mechanical,Continuous High,10 fps,28,On,8360,1,2026:08:01 18:40:02+02:00
/run/media/mike/disk/DCIM/127_FUJI/_DSF7126.RAF,_DSF7126.RAF,2026:08:01 16:39:57,1/1000,320,2.0,Mechanical,Continuous High,10 fps,29,On,8361,1,2026:08:01 18:40:02+02:00
/run/media/mike/disk/DCIM/127_FUJI/_DSF7127.RAF,_DSF7127.RAF,2026:08:01 16:39:57,1/1000,320,2.0,Mechanical,Continuous High,10 fps,30,On,8362,1,2026:08:01 18:40:02+02:00
/run/media/mike/disk/DCIM/127_FUJI/_DSF7128.RAF,_DSF7128.RAF,2026:08:01 16:39:57,1/1000,320,2.0,Mechanical,Continuous High,10 fps,31,On,8363,1,2026:08:01 18:40:02+02:00
/run/media/mike/disk/DCIM/127_FUJI/_DSF7129.RAF,_DSF7129.RAF,2026:08:01 16:39:57,1/1000,320,2.0,Mechanical,Continuous High,10 fps,32,On,8364,1,2026:08:01 18:40:02+02:00
/run/media/mike/disk/DCIM/127_FUJI/_DSF7130.RAF,_DSF7130.RAF,2026:08:01 16:39:58,1/1000,320,2.0,Mechanical,Continuous High,10 fps,33,On,8365,1,2026:08:01 18:40:02+02:00
/run/media/mike/disk/DCIM/127_FUJI/_DSF7131.RAF,_DSF7131.RAF,2026:08:01 16:39:58,1/1000,320,2.0,Mechanical,Continuous High,10 fps,34,On,8366,1,2026:08:01 18:40:04+02:00
/run/media/mike/disk/DCIM/127_FUJI/_DSF7132.RAF,_DSF7132.RAF,2026:08:01 16:39:58,1/1000,320,2.0,Mechanical,Continuous High,10 fps,35,On,8367,1,2026:08:01 18:40:04+02:00
/run/media/mike/disk/DCIM/127_FUJI/_DSF7133.RAF,_DSF7133.RAF,2026:08:01 16:39:58,1/1000,320,2.0,Mechanical,Continuous High,10 fps,36,On,8368,1,2026:08:01 18:40:04+02:00
/run/media/mike/disk/DCIM/127_FUJI/_DSF7134.RAF,_DSF7134.RAF,2026:08:01 16:39:58,1/1000,320,2.0,Mechanical,Continuous High,10 fps,37,On,8369,1,2026:08:01 18:40:04+02:00
/run/media/mike/disk/DCIM/127_FUJI/_DSF7135.RAF,_DSF7135.RAF,2026:08:01 16:39:58,1/1000,320,2.0,Mechanical,Continuous High,10 fps,38,On,8370,1,2026:08:01 18:40:04+02:00
/run/media/mike/disk/DCIM/127_FUJI/_DSF7136.RAF,_DSF7136.RAF,2026:08:01 16:39:58,1/1000,320,2.0,Mechanical,Continuous High,10 fps,39,On,8371,1,2026:08:01 18:40:04+02:00
/run/media/mike/disk/DCIM/127_FUJI/_DSF7137.RAF,_DSF7137.RAF,2026:08:01 16:39:58,1/1000,320,2.0,Mechanical,Continuous High,10 fps,40,On,8372,1,2026:08:01 18:40:04+02:00
/run/media/mike/disk/DCIM/127_FUJI/_DSF7138.RAF,_DSF7138.RAF,2026:08:01 16:39:58,1/1000,320,2.0,Mechanical,Continuous High,10 fps,41,On,8373,1,2026:08:01 18:40:04+02:00
/run/media/mike/disk/DCIM/127_FUJI/_DSF7139.RAF,_DSF7139.RAF,2026:08:01 16:39:58,1/1000,320,2.0,Mechanical,Continuous High,10 fps,42,On,8374,1,2026:08:01 18:40:06+02:00
/run/media/mike/disk/DCIM/127_FUJI/_DSF7140.RAF,_DSF7140.RAF,2026:08:01 16:39:59,1/1000,320,2.0,Mechanical,Continuous High,10 fps,43,On,8375,1,2026:08:01 18:40:06+02:00
/run/media/mike/disk/DCIM/127_FUJI/_DSF7141.RAF,_DSF7141.RAF,2026:08:01 16:39:59,1/1000,320,2.0,Mechanical,Continuous High,10 fps,44,On,8376,1,2026:08:01 18:40:06+02:00
/run/media/mike/disk/DCIM/127_FUJI/_DSF7142.RAF,_DSF7142.RAF,2026:08:01 16:39:59,1/1000,320,2.0,Mechanical,Continuous High,8 fps,45,On,8377,1,2026:08:01 18:40:06+02:00
/run/media/mike/disk/DCIM/127_FUJI/_DSF7143.RAF,_DSF7143.RAF,2026:08:01 16:39:59,1/1000,320,2.0,Mechanical,Continuous High,8 fps,46,On,8378,1,2026:08:01 18:40:06+02:00
/run/media/mike/disk/DCIM/127_FUJI/_DSF7144.RAF,_DSF7144.RAF,2026:08:01 16:39:59,1/1000,320,2.0,Mechanical,Continuous High,8 fps,47,On,8379,1,2026:08:01 18:40:06+02:00
/run/media/mike/disk/DCIM/127_FUJI/_DSF7145.RAF,_DSF7145.RAF,2026:08:01 16:39:59,1/1000,320,2.0,Mechanical,Continuous High,8 fps,48,On,8380,1,2026:08:01 18:40:06+02:00
/run/media/mike/disk/DCIM/127_FUJI/_DSF7146.RAF,_DSF7146.RAF,2026:08:01 16:40:46,1/1000,320,2.0,Mechanical,Continuous High,10 fps,1,On,8381,1,2026:08:01 18:40:46+02:00
/run/media/mike/disk/DCIM/127_FUJI/_DSF7147.RAF,_DSF7147.RAF,2026:08:01 16:40:46,1/1000,320,2.0,Mechanical,Continuous High,10 fps,2,On,8382,1,2026:08:01 18:40:46+02:00
/run/media/mike/disk/DCIM/127_FUJI/_DSF7148.RAF,_DSF7148.RAF,2026:08:01 16:40:47,1/1000,320,2.0,Mechanical,Continuous High,10 fps,3,On,8383,1,2026:08:01 18:40:46+02:00
/run/media/mike/disk/DCIM/127_FUJI/_DSF7149.RAF,_DSF7149.RAF,2026:08:01 16:40:47,1/1000,320,2.0,Mechanical,Continuous High,10 fps,4,On,8384,1,2026:08:01 18:40:48+02:00
/run/media/mike/disk/DCIM/127_FUJI/_DSF7150.RAF,_DSF7150.RAF,2026:08:01 16:40:47,1/1000,320,2.0,Mechanical,Continuous High,10 fps,5,On,8385,1,2026:08:01 18:40:48+02:00
/run/media/mike/disk/DCIM/127_FUJI/_DSF7151.RAF,_DSF7151.RAF,2026:08:01 16:40:47,1/1000,320,2.0,Mechanical,Continuous High,10 fps,6,On,8386,1,2026:08:01 18:40:48+02:00
/run/media/mike/disk/DCIM/127_FUJI/_DSF7152.RAF,_DSF7152.RAF,2026:08:01 16:40:47,1/1000,320,2.0,Mechanical,Continuous High,10 fps,7,On,8387,1,2026:08:01 18:40:48+02:00
/run/media/mike/disk/DCIM/127_FUJI/_DSF7153.RAF,_DSF7153.RAF,2026:08:01 16:40:47,1/1000,320,2.0,Mechanical,Continuous High,10 fps,8,On,8388,1,2026:08:01 18:40:48+02:00
/run/media/mike/disk/DCIM/127_FUJI/_DSF7154.RAF,_DSF7154.RAF,2026:08:01 16:40:47,1/1000,320,2.0,Mechanical,Continuous High,10 fps,9,On,8389,1,2026:08:01 18:40:48+02:00
/run/media/mike/disk/DCIM/127_FUJI/_DSF7155.RAF,_DSF7155.RAF,2026:08:01 16:40:47,1/1000,320,2.0,Mechanical,Continuous High,10 fps,10,On,8390,1,2026:08:01 18:40:48+02:00
/run/media/mike/disk/DCIM/127_FUJI/_DSF7156.RAF,_DSF7156.RAF,2026:08:01 16:40:47,1/1000,320,2.0,Mechanical,Continuous High,10 fps,11,On,8391,1,2026:08:01 18:40:50+02:00
/run/media/mike/disk/DCIM/127_FUJI/_DSF7157.RAF,_DSF7157.RAF,2026:08:01 16:40:47,1/1000,320,2.0,Mechanical,Continuous High,10 fps,12,On,8392,1,2026:08:01 18:40:50+02:00
/run/media/mike/disk/DCIM/127_FUJI/_DSF7158.RAF,_DSF7158.RAF,2026:08:01 16:40:48,1/1000,320,2.0,Mechanical,Continuous High,10 fps,13,On,8393,1,2026:08:01 18:40:50+02:00
/run/media/mike/disk/DCIM/127_FUJI/_DSF7159.RAF,_DSF7159.RAF,2026:08:01 16:40:48,1/1000,320,2.0,Mechanical,Continuous High,10 fps,14,On,8394,1,2026:08:01 18:40:50+02:00
/run/media/mike/disk/DCIM/127_FUJI/_DSF7160.RAF,_DSF7160.RAF,2026:08:01 16:40:48,1/1000,320,2.0,Mechanical,Continuous High,10 fps,15,On,8395,1,2026:08:01 18:40:50+02:00
/run/media/mike/disk/DCIM/127_FUJI/_DSF7161.RAF,_DSF7161.RAF,2026:08:01 16:40:48,1/1000,320,2.0,Mechanical,Continuous High,10 fps,16,On,8396,1,2026:08:01 18:40:50+02:00
/run/media/mike/disk/DCIM/127_FUJI/_DSF7162.RAF,_DSF7162.RAF,2026:08:01 16:40:48,1/1000,320,2.0,Mechanical,Continuous High,10 fps,17,On,8397,1,2026:08:01 18:40:50+02:00
/run/media/mike/disk/DCIM/127_FUJI/_DSF7163.RAF,_DSF7163.RAF,2026:08:01 16:40:48,1/1000,320,2.0,Mechanical,Continuous High,10 fps,18,On,8398,1,2026:08:01 18:40:52+02:00
/run/media/mike/disk/DCIM/127_FUJI/_DSF7164.RAF,_DSF7164.RAF,2026:08:01 16:40:48,1/1000,320,2.0,Mechanical,Continuous High,10 fps,19,On,8399,1,2026:08:01 18:40:52+02:00
/run/media/mike/disk/DCIM/127_FUJI/_DSF7165.RAF,_DSF7165.RAF,2026:08:01 16:40:48,1/1000,320,2.0,Mechanical,Continuous High,10 fps,20,On,8400,1,2026:08:01 18:40:52+02:00
/run/media/mike/disk/DCIM/127_FUJI/_DSF7166.RAF,_DSF7166.RAF,2026:08:01 16:40:48,1/1000,320,2.0,Mechanical,Continuous High,10 fps,21,On,8401,1,2026:08:01 18:40:52+02:00
/run/media/mike/disk/DCIM/127_FUJI/_DSF7167.RAF,_DSF7167.RAF,2026:08:01 16:40:48,1/1000,320,2.0,Mechanical,Continuous High,10 fps,22,On,8402,1,2026:08:01 18:40:52+02:00
/run/media/mike/disk/DCIM/127_FUJI/_DSF7168.RAF,_DSF7168.RAF,2026:08:01 16:40:49,1/1000,320,2.0,Mechanical,Continuous High,10 fps,23,On,8403,1,2026:08:01 18:40:52+02:00
/run/media/mike/disk/DCIM/127_FUJI/_DSF7169.RAF,_DSF7169.RAF,2026:08:01 16:40:49,1/1000,320,2.0,Mechanical,Continuous High,10 fps,24,On,8404,1,2026:08:01 18:40:52+02:00
/run/media/mike/disk/DCIM/127_FUJI/_DSF7170.RAF,_DSF7170.RAF,2026:08:01 16:40:49,1/1000,320,2.0,Mechanical,Continuous High,10 fps,25,On,8405,1,2026:08:01 18:40:52+02:00
/run/media/mike/disk/DCIM/127_FUJI/_DSF7171.RAF,_DSF7171.RAF,2026:08:01 16:40:49,1/1000,320,2.0,Mechanical,Continuous High,10 fps,26,On,8406,1,2026:08:01 18:40:52+02:00
/run/media/mike/disk/DCIM/127_FUJI/_DSF7172.RAF,_DSF7172.RAF,2026:08:01 16:40:49,1/1000,320,2.0,Mechanical,Continuous High,10 fps,27,On,8407,1,2026:08:01 18:40:54+02:00
/run/media/mike/disk/DCIM/127_FUJI/_DSF7173.RAF,_DSF7173.RAF,2026:08:01 16:40:49,1/1000,320,2.0,Mechanical,Continuous High,10 fps,28,On,8408,1,2026:08:01 18:40:54+02:00
/run/media/mike/disk/DCIM/127_FUJI/_DSF7174.RAF,_DSF7174.RAF,2026:08:01 16:40:49,1/1000,320,2.0,Mechanical,Continuous High,10 fps,29,On,8409,1,2026:08:01 18:40:54+02:00
/run/media/mike/disk/DCIM/127_FUJI/_DSF7175.RAF,_DSF7175.RAF,2026:08:01 16:40:49,1/1000,320,2.0,Mechanical,Continuous High,10 fps,30,On,8410,1,2026:08:01 18:40:54+02:00
/run/media/mike/disk/DCIM/127_FUJI/_DSF7176.RAF,_DSF7176.RAF,2026:08:01 16:40:49,1/1000,320,2.0,Mechanical,Continuous High,10 fps,31,On,8411,1,2026:08:01 18:40:54+02:00
/run/media/mike/disk/DCIM/127_FUJI/_DSF7177.RAF,_DSF7177.RAF,2026:08:01 16:40:50,1/1000,320,2.0,Mechanical,Continuous High,10 fps,32,On,8412,1,2026:08:01 18:40:54+02:00
/run/media/mike/disk/DCIM/127_FUJI/_DSF7178.RAF,_DSF7178.RAF,2026:08:01 16:40:50,1/1000,320,2.0,Mechanical,Continuous High,10 fps,33,On,8413,1,2026:08:01 18:40:54+02:00
/run/media/mike/disk/DCIM/127_FUJI/_DSF7179.RAF,_DSF7179.RAF,2026:08:01 16:40:50,1/1000,320,2.0,Mechanical,Continuous High,10 fps,34,On,8414,1,2026:08:01 18:40:54+02:00
/run/media/mike/disk/DCIM/127_FUJI/_DSF7180.RAF,_DSF7180.RAF,2026:08:01 16:40:50,1/1000,320,2.0,Mechanical,Continuous High,10 fps,35,On,8415,1,2026:08:01 18:40:54+02:00
/run/media/mike/disk/DCIM/127_FUJI/_DSF7181.RAF,_DSF7181.RAF,2026:08:01 16:40:50,1/1000,320,2.0,Mechanical,Continuous High,10 fps,36,On,8416,1,2026:08:01 18:40:56+02:00
/run/media/mike/disk/DCIM/127_FUJI/_DSF7182.RAF,_DSF7182.RAF,2026:08:01 16:40:50,1/1000,320,2.0,Mechanical,Continuous High,10 fps,37,On,8417,1,2026:08:01 18:40:56+02:00
/run/media/mike/disk/DCIM/127_FUJI/_DSF7183.RAF,_DSF7183.RAF,2026:08:01 16:40:50,1/1000,320,2.0,Mechanical,Continuous High,10 fps,38,On,8418,1,2026:08:01 18:40:56+02:00
/run/media/mike/disk/DCIM/127_FUJI/_DSF7184.RAF,_DSF7184.RAF,2026:08:01 16:40:50,1/1000,320,2.0,Mechanical,Continuous High,10 fps,39,On,8419,1,2026:08:01 18:40:56+02:00
/run/media/mike/disk/DCIM/127_FUJI/_DSF7185.RAF,_DSF7185.RAF,2026:08:01 16:40:50,1/1000,320,2.0,Mechanical,Continuous High,10 fps,40,On,8420,1,2026:08:01 18:40:56+02:00
/run/media/mike/disk/DCIM/127_FUJI/_DSF7186.RAF,_DSF7186.RAF,2026:08:01 16:40:50,1/1000,320,2.0,Mechanical,Continuous High,10 fps,41,On,8421,1,2026:08:01 18:40:56+02:00
/run/media/mike/disk/DCIM/127_FUJI/_DSF7187.RAF,_DSF7187.RAF,2026:08:01 16:40:51,1/1000,320,2.0,Mechanical,Continuous High,10 fps,42,On,8422,1,2026:08:01 18:40:56+02:00
/run/media/mike/disk/DCIM/127_FUJI/_DSF7188.RAF,_DSF7188.RAF,2026:08:01 16:40:51,1/1000,320,2.0,Mechanical,Continuous High,10 fps,43,On,8423,1,2026:08:01 18:40:58+02:00
/run/media/mike/disk/DCIM/127_FUJI/_DSF7189.RAF,_DSF7189.RAF,2026:08:01 16:40:51,1/1000,320,2.0,Mechanical,Continuous High,10 fps,44,On,8424,1,2026:08:01 18:40:58+02:00
/run/media/mike/disk/DCIM/127_FUJI/_DSF7190.RAF,_DSF7190.RAF,2026:08:01 16:40:51,1/1000,320,2.0,Mechanical,Continuous High,10 fps,45,On,8425,1,2026:08:01 18:40:58+02:00
/run/media/mike/disk/DCIM/127_FUJI/_DSF7191.RAF,_DSF7191.RAF,2026:08:01 16:40:51,1/1000,320,2.0,Mechanical,Continuous High,8 fps,46,On,8426,1,2026:08:01 18:40:58+02:00
/run/media/mike/disk/DCIM/127_FUJI/_DSF7192.RAF,_DSF7192.RAF,2026:08:01 16:40:51,1/1000,320,2.0,Mechanical,Continuous High,10 fps,47,On,8427,1,2026:08:01 18:40:58+02:00
/run/media/mike/disk/DCIM/127_FUJI/_DSF7193.RAF,_DSF7193.RAF,2026:08:01 16:40:51,1/1000,320,2.0,Mechanical,Continuous High,8 fps,48,On,8428,1,2026:08:01 18:41:00+02:00
/run/media/mike/disk/DCIM/127_FUJI/_DSF7194.RAF,_DSF7194.RAF,2026:08:01 16:40:51,1/1000,320,2.0,Mechanical,Continuous High,10 fps,49,On,8429,1,2026:08:01 18:41:00+02:00
/run/media/mike/disk/DCIM/127_FUJI/_DSF7195.RAF,_DSF7195.RAF,2026:08:01 16:40:52,1/1000,320,2.0,Mechanical,Continuous High,8 fps,50,On,8430,1,2026:08:01 18:41:00+02:00
/run/media/mike/disk/DCIM/127_FUJI/_DSF7196.RAF,_DSF7196.RAF,2026:08:01 16:40:52,1/1000,320,2.0,Mechanical,Continuous High,8 fps,51,On,8431,1,2026:08:01 18:41:00+02:00
/run/media/mike/disk/DCIM/127_FUJI/_DSF7197.RAF,_DSF7197.RAF,2026:08:01 16:40:52,1/1000,320,2.0,Mechanical,Continuous High,8 fps,52,On,8432,1,2026:08:01 18:41:00+02:00
/run/media/mike/disk/DCIM/127_FUJI/_DSF7198.RAF,_DSF7198.RAF,2026:08:01 16:40:52,1/1000,320,2.0,Mechanical,Continuous High,8 fps,53,On,8433,1,2026:08:01 18:41:00+02:00
/run/media/mike/disk/DCIM/127_FUJI/_DSF7199.RAF,_DSF7199.RAF,2026:08:01 16:40:52,1/1000,320,2.0,Mechanical,Continuous High,8 fps,54,On,8434,1,2026:08:01 18:41:00+02:00
/run/media/mike/disk/DCIM/127_FUJI/_DSF7200.RAF,_DSF7200.RAF,2026:08:01 16:40:52,1/1000,320,2.0,Mechanical,Continuous High,8 fps,55,On,8435,1,2026:08:01 18:41:02+02:00
/run/media/mike/disk/DCIM/127_FUJI/_DSF7201.RAF,_DSF7201.RAF,2026:08:01 16:40:53,1/1000,320,2.0,Mechanical,Continuous High,8 fps,56,On,8436,1,2026:08:01 18:41:02+02:00
/run/media/mike/disk/DCIM/127_FUJI/_DSF7202.RAF,_DSF7202.RAF,2026:08:01 16:40:53,1/1000,320,2.0,Mechanical,Continuous High,8 fps,57,On,8437,1,2026:08:01 18:41:02+02:00
/run/media/mike/disk/DCIM/127_FUJI/_DSF7203.RAF,_DSF7203.RAF,2026:08:01 16:40:53,1/1000,320,2.0,Mechanical,Continuous High,8 fps,58,On,8438,1,2026:08:01 18:41:02+02:00
/run/media/mike/disk/DCIM/127_FUJI/_DSF7204.RAF,_DSF7204.RAF,2026:08:01 16:40:53,1/1000,320,2.0,Mechanical,Continuous High,8 fps,59,On,8439,1,2026:08:01 18:41:02+02:00
/run/media/mike/disk/DCIM/127_FUJI/_DSF7205.RAF,_DSF7205.RAF,2026:08:01 16:40:54,1/1000,320,2.0,Mechanical,Continuous High,8 fps,60,On,8440,1,2026:08:01 18:41:02+02:00
/run/media/mike/disk/DCIM/127_FUJI/_DSF7206.RAF,_DSF7206.RAF,2026:08:01 16:40:54,1/1000,320,2.0,Mechanical,Continuous High,8 fps,61,On,8441,1,2026:08:01 18:41:02+02:00
/run/media/mike/disk/DCIM/127_FUJI/_DSF7207.RAF,_DSF7207.RAF,2026:08:01 16:40:54,1/1000,320,2.0,Mechanical,Continuous High,8 fps,62,On,8442,1,2026:08:01 18:41:04+02:00
/run/media/mike/disk/DCIM/127_FUJI/_DSF7208.RAF,_DSF7208.RAF,2026:08:01 16:40:54,1/1000,320,2.0,Mechanical,Continuous High,8 fps,63,On,8443,1,2026:08:01 18:41:04+02:00
/run/media/mike/disk/DCIM/127_FUJI/_DSF7209.RAF,_DSF7209.RAF,2026:08:01 16:40:54,1/1000,320,2.0,Mechanical,Continuous High,8 fps,64,On,8444,1,2026:08:01 18:41:04+02:00
/run/media/mike/disk/DCIM/127_FUJI/_DSF7210.RAF,_DSF7210.RAF,2026:08:01 16:40:55,1/1000,320,2.0,Mechanical,Continuous High,8 fps,65,On,8445,1,2026:08:01 18:41:04+02:00
/run/media/mike/disk/DCIM/127_FUJI/_DSF7211.RAF,_DSF7211.RAF,2026:08:01 16:40:55,1/1000,320,2.0,Mechanical,Continuous High,8 fps,66,On,8446,1,2026:08:01 18:41:04+02:00
/run/media/mike/disk/DCIM/127_FUJI/_DSF7212.RAF,_DSF7212.RAF,2026:08:01 16:40:55,1/1000,320,2.0,Mechanical,Continuous High,8 fps,67,On,8447,1,2026:08:01 18:41:04+02:00
/run/media/mike/disk/DCIM/127_FUJI/_DSF7213.RAF,_DSF7213.RAF,2026:08:01 16:40:55,1/1000,320,2.0,Mechanical,Continuous High,8 fps,68,On,8448,1,2026:08:01 18:41:04+02:00
/run/media/mike/disk/DCIM/127_FUJI/_DSF7214.RAF,_DSF7214.RAF,2026:08:01 16:40:56,1/1000,320,2.0,Mechanical,Continuous High,8 fps,69,On,8449,1,2026:08:01 18:41:04+02:00
/run/media/mike/disk/DCIM/127_FUJI/_DSF7215.RAF,_DSF7215.RAF,2026:08:01 16:40:56,1/1000,320,2.0,Mechanical,Continuous High,8 fps,70,On,8450,1,2026:08:01 18:41:06+02:00
/run/media/mike/disk/DCIM/127_FUJI/_DSF7216.RAF,_DSF7216.RAF,2026:08:01 16:40:56,1/1000,320,2.0,Mechanical,Continuous High,8 fps,71,On,8451,1,2026:08:01 18:41:06+02:00
/run/media/mike/disk/DCIM/127_FUJI/_DSF7217.RAF,_DSF7217.RAF,2026:08:01 16:40:56,1/1000,320,2.0,Mechanical,Continuous High,8 fps,72,On,8452,1,2026:08:01 18:41:06+02:00
/run/media/mike/disk/DCIM/127_FUJI/_DSF7218.RAF,_DSF7218.RAF,2026:08:01 16:41:44,1/1000,320,2.0,Mechanical,Continuous High,10 fps,1,On,8453,1,2026:08:01 18:41:44+02:00
/run/media/mike/disk/DCIM/127_FUJI/_DSF7219.RAF,_DSF7219.RAF,2026:08:01 16:41:44,1/1000,320,2.0,Mechanical,Continuous High,10 fps,2,On,8454,1,2026:08:01 18:41:44+02:00
/run/media/mike/disk/DCIM/127_FUJI/_DSF7220.RAF,_DSF7220.RAF,2026:08:01 16:41:44,1/1000,320,2.0,Mechanical,Continuous High,10 fps,3,On,8455,1,2026:08:01 18:41:44+02:00
/run/media/mike/disk/DCIM/127_FUJI/_DSF7221.RAF,_DSF7221.RAF,2026:08:01 16:41:44,1/1000,320,2.0,Mechanical,Continuous High,10 fps,4,On,8456,1,2026:08:01 18:41:44+02:00
/run/media/mike/disk/DCIM/127_FUJI/_DSF7222.RAF,_DSF7222.RAF,2026:08:01 16:41:44,1/1000,320,2.0,Mechanical,Continuous High,10 fps,5,On,8457,1,2026:08:01 18:41:44+02:00
/run/media/mike/disk/DCIM/127_FUJI/_DSF7223.RAF,_DSF7223.RAF,2026:08:01 16:41:44,1/1000,320,2.0,Mechanical,Continuous High,10 fps,6,On,8458,1,2026:08:01 18:41:44+02:00
/run/media/mike/disk/DCIM/127_FUJI/_DSF7224.RAF,_DSF7224.RAF,2026:08:01 16:41:44,1/1000,320,2.0,Mechanical,Continuous High,10 fps,7,On,8459,1,2026:08:01 18:41:46+02:00
/run/media/mike/disk/DCIM/127_FUJI/_DSF7225.RAF,_DSF7225.RAF,2026:08:01 16:41:44,1/1000,320,2.0,Mechanical,Continuous High,10 fps,8,On,8460,1,2026:08:01 18:41:46+02:00
/run/media/mike/disk/DCIM/127_FUJI/_DSF7226.RAF,_DSF7226.RAF,2026:08:01 16:41:44,1/1000,320,2.0,Mechanical,Continuous High,10 fps,9,On,8461,1,2026:08:01 18:41:46+02:00
/run/media/mike/disk/DCIM/127_FUJI/_DSF7227.RAF,_DSF7227.RAF,2026:08:01 16:41:44,1/1000,320,2.0,Mechanical,Continuous High,10 fps,10,On,8462,1,2026:08:01 18:41:46+02:00
/run/media/mike/disk/DCIM/127_FUJI/_DSF7228.RAF,_DSF7228.RAF,2026:08:01 16:41:45,1/1000,320,2.0,Mechanical,Continuous High,10 fps,11,On,8463,1,2026:08:01 18:41:46+02:00
/run/media/mike/disk/DCIM/127_FUJI/_DSF7229.RAF,_DSF7229.RAF,2026:08:01 16:41:45,1/1000,320,2.0,Mechanical,Continuous High,10 fps,12,On,8464,1,2026:08:01 18:41:46+02:00
/run/media/mike/disk/DCIM/127_FUJI/_DSF7230.RAF,_DSF7230.RAF,2026:08:01 16:41:45,1/1000,320,2.0,Mechanical,Continuous High,10 fps,13,On,8465,1,2026:08:01 18:41:46+02:00
/run/media/mike/disk/DCIM/127_FUJI/_DSF7231.RAF,_DSF7231.RAF,2026:08:01 16:41:45,1/1000,320,2.0,Mechanical,Continuous High,10 fps,14,On,8466,1,2026:08:01 18:41:46+02:00
/run/media/mike/disk/DCIM/127_FUJI/_DSF7232.RAF,_DSF7232.RAF,2026:08:01 16:41:45,1/1000,320,2.0,Mechanical,Continuous High,10 fps,15,On,8467,1,2026:08:01 18:41:48+02:00
/run/media/mike/disk/DCIM/127_FUJI/_DSF7233.RAF,_DSF7233.RAF,2026:08:01 16:41:45,1/1000,320,2.0,Mechanical,Continuous High,10 fps,16,On,8468,1,2026:08:01 18:41:48+02:00
/run/media/mike/disk/DCIM/127_FUJI/_DSF7234.RAF,_DSF7234.RAF,2026:08:01 16:41:45,1/1000,320,2.0,Mechanical,Continuous High,10 fps,17,On,8469,1,2026:08:01 18:41:48+02:00
/run/media/mike/disk/DCIM/127_FUJI/_DSF7235.RAF,_DSF7235.RAF,2026:08:01 16:41:45,1/1000,320,2.0,Mechanical,Continuous High,10 fps,18,On,8470,1,2026:08:01 18:41:48+02:00
/run/media/mike/disk/DCIM/127_FUJI/_DSF7236.RAF,_DSF7236.RAF,2026:08:01 16:41:45,1/1000,320,2.0,Mechanical,Continuous High,10 fps,19,On,8471,1,2026:08:01 18:41:48+02:00
/run/media/mike/disk/DCIM/127_FUJI/_DSF7237.RAF,_DSF7237.RAF,2026:08:01 16:41:45,1/1000,320,2.0,Mechanical,Continuous High,10 fps,20,On,8472,1,2026:08:01 18:41:48+02:00
/run/media/mike/disk/DCIM/127_FUJI/_DSF7238.RAF,_DSF7238.RAF,2026:08:01 16:41:46,1/1000,320,2.0,Mechanical,Continuous High,10 fps,21,On,8473,1,2026:08:01 18:41:48+02:00
/run/media/mike/disk/DCIM/127_FUJI/_DSF7239.RAF,_DSF7239.RAF,2026:08:01 16:41:46,1/1000,320,2.0,Mechanical,Continuous High,10 fps,22,On,8474,1,2026:08:01 18:41:50+02:00
/run/media/mike/disk/DCIM/127_FUJI/_DSF7240.RAF,_DSF7240.RAF,2026:08:01 16:41:46,1/1000,320,2.0,Mechanical,Continuous High,10 fps,23,On,8475,1,2026:08:01 18:41:50+02:00
/run/media/mike/disk/DCIM/127_FUJI/_DSF7241.RAF,_DSF7241.RAF,2026:08:01 16:41:46,1/1000,320,2.0,Mechanical,Continuous High,10 fps,24,On,8476,1,2026:08:01 18:41:50+02:00
/run/media/mike/disk/DCIM/127_FUJI/_DSF7242.RAF,_DSF7242.RAF,2026:08:01 16:41:46,1/1000,320,2.0,Mechanical,Continuous High,10 fps,25,On,8477,1,2026:08:01 18:41:50+02:00
/run/media/mike/disk/DCIM/127_FUJI/_DSF7243.RAF,_DSF7243.RAF,2026:08:01 16:41:46,1/1000,320,2.0,Mechanical,Continuous High,10 fps,26,On,8478,1,2026:08:01 18:41:50+02:00
/run/media/mike/disk/DCIM/127_FUJI/_DSF7244.RAF,_DSF7244.RAF,2026:08:01 16:41:46,1/1000,320,2.0,Mechanical,Continuous High,10 fps,27,On,8479,1,2026:08:01 18:41:50+02:00
/run/media/mike/disk/DCIM/127_FUJI/_DSF7245.RAF,_DSF7245.RAF,2026:08:01 16:41:46,1/1000,320,2.0,Mechanical,Continuous High,10 fps,28,On,8480,1,2026:08:01 18:41:50+02:00
/run/media/mike/disk/DCIM/127_FUJI/_DSF7246.RAF,_DSF7246.RAF,2026:08:01 16:41:46,1/1000,320,2.0,Mechanical,Continuous High,10 fps,29,On,8481,1,2026:08:01 18:41:50+02:00
/run/media/mike/disk/DCIM/127_FUJI/_DSF7247.RAF,_DSF7247.RAF,2026:08:01 16:41:46,1/1000,320,2.0,Mechanical,Continuous High,10 fps,30,On,8482,1,2026:08:01 18:41:50+02:00
/run/media/mike/disk/DCIM/127_FUJI/_DSF7248.RAF,_DSF7248.RAF,2026:08:01 16:41:47,1/1000,320,2.0,Mechanical,Continuous High,10 fps,31,On,8483,1,2026:08:01 18:41:52+02:00
/run/media/mike/disk/DCIM/127_FUJI/_DSF7249.RAF,_DSF7249.RAF,2026:08:01 16:41:47,1/1000,320,2.0,Mechanical,Continuous High,10 fps,32,On,8484,1,2026:08:01 18:41:52+02:00
/run/media/mike/disk/DCIM/127_FUJI/_DSF7250.RAF,_DSF7250.RAF,2026:08:01 16:41:47,1/1000,320,2.0,Mechanical,Continuous High,10 fps,33,On,8485,1,2026:08:01 18:41:52+02:00
/run/media/mike/disk/DCIM/127_FUJI/_DSF7251.RAF,_DSF7251.RAF,2026:08:01 16:41:47,1/1000,320,2.0,Mechanical,Continuous High,10 fps,34,On,8486,1,2026:08:01 18:41:52+02:00
/run/media/mike/disk/DCIM/127_FUJI/_DSF7252.RAF,_DSF7252.RAF,2026:08:01 16:41:47,1/1000,320,2.0,Mechanical,Continuous High,10 fps,35,On,8487,1,2026:08:01 18:41:52+02:00
/run/media/mike/disk/DCIM/127_FUJI/_DSF7253.RAF,_DSF7253.RAF,2026:08:01 16:41:47,1/1000,320,2.0,Mechanical,Continuous High,10 fps,36,On,8488,1,2026:08:01 18:41:52+02:00
/run/media/mike/disk/DCIM/127_FUJI/_DSF7254.RAF,_DSF7254.RAF,2026:08:01 16:41:47,1/1000,320,2.0,Mechanical,Continuous High,10 fps,37,On,8489,1,2026:08:01 18:41:52+02:00
/run/media/mike/disk/DCIM/127_FUJI/_DSF7255.RAF,_DSF7255.RAF,2026:08:01 16:41:47,1/1000,320,2.0,Mechanical,Continuous High,10 fps,38,On,8490,1,2026:08:01 18:41:52+02:00
/run/media/mike/disk/DCIM/127_FUJI/_DSF7256.RAF,_DSF7256.RAF,2026:08:01 16:41:47,1/1000,320,2.0,Mechanical,Continuous High,10 fps,39,On,8491,1,2026:08:01 18:41:52+02:00
/run/media/mike/disk/DCIM/127_FUJI/_DSF7257.RAF,_DSF7257.RAF,2026:08:01 16:41:47,1/1000,320,2.0,Mechanical,Continuous High,10 fps,40,On,8492,1,2026:08:01 18:41:52+02:00
/run/media/mike/disk/DCIM/127_FUJI/_DSF7258.RAF,_DSF7258.RAF,2026:08:01 16:41:48,1/1000,320,2.0,Mechanical,Continuous High,10 fps,41,On,8493,1,2026:08:01 18:41:54+02:00
/run/media/mike/disk/DCIM/127_FUJI/_DSF7259.RAF,_DSF7259.RAF,2026:08:01 16:41:48,1/1000,320,2.0,Mechanical,Continuous High,10 fps,42,On,8494,1,2026:08:01 18:41:54+02:00
/run/media/mike/disk/DCIM/127_FUJI/_DSF7260.RAF,_DSF7260.RAF,2026:08:01 16:41:48,1/1000,320,2.0,Mechanical,Continuous High,10 fps,43,On,8495,1,2026:08:01 18:41:54+02:00
/run/media/mike/disk/DCIM/127_FUJI/_DSF7261.RAF,_DSF7261.RAF,2026:08:01 16:41:48,1/1000,320,2.0,Mechanical,Continuous High,10 fps,44,On,8496,1,2026:08:01 18:41:54+02:00
/run/media/mike/disk/DCIM/127_FUJI/_DSF7262.RAF,_DSF7262.RAF,2026:08:01 16:41:48,1/1000,320,2.0,Mechanical,Continuous High,10 fps,45,On,8497,1,2026:08:01 18:41:54+02:00
/run/media/mike/disk/DCIM/127_FUJI/_DSF7263.RAF,_DSF7263.RAF,2026:08:01 16:41:48,1/1000,320,2.0,Mechanical,Continuous High,8 fps,46,On,8498,1,2026:08:01 18:41:56+02:00
/run/media/mike/disk/DCIM/127_FUJI/_DSF7264.RAF,_DSF7264.RAF,2026:08:01 16:41:48,1/1000,320,2.0,Mechanical,Continuous High,8 fps,47,On,8499,1,2026:08:01 18:41:56+02:00
/run/media/mike/disk/DCIM/127_FUJI/_DSF7265.RAF,_DSF7265.RAF,2026:08:01 16:41:48,1/1000,320,2.0,Mechanical,Continuous High,8 fps,48,On,8500,1,2026:08:01 18:41:56+02:00
/run/media/mike/disk/DCIM/127_FUJI/_DSF7266.RAF,_DSF7266.RAF,2026:08:01 16:41:49,1/1000,320,2.0,Mechanical,Continuous High,8 fps,49,On,8501,1,2026:08:01 18:41:56+02:00
/run/media/mike/disk/DCIM/127_FUJI/_DSF7267.RAF,_DSF7267.RAF,2026:08:01 16:41:49,1/1000,320,2.0,Mechanical,Continuous High,8 fps,50,On,8502,1,2026:08:01 18:41:56+02:00
/run/media/mike/disk/DCIM/127_FUJI/_DSF7268.RAF,_DSF7268.RAF,2026:08:01 16:41:49,1/1000,320,2.0,Mechanical,Continuous High,8 fps,51,On,8503,1,2026:08:01 18:41:56+02:00
/run/media/mike/disk/DCIM/127_FUJI/_DSF7269.RAF,_DSF7269.RAF,2026:08:01 16:41:49,1/1000,320,2.0,Mechanical,Continuous High,8 fps,52,On,8504,1,2026:08:01 18:41:58+02:00
/run/media/mike/disk/DCIM/127_FUJI/_DSF7270.RAF,_DSF7270.RAF,2026:08:01 16:41:49,1/1000,320,2.0,Mechanical,Continuous High,8 fps,53,On,8505,1,2026:08:01 18:41:58+02:00
/run/media/mike/disk/DCIM/127_FUJI/_DSF7271.RAF,_DSF7271.RAF,2026:08:01 16:41:49,1/1000,320,2.0,Mechanical,Continuous High,8 fps,54,On,8506,1,2026:08:01 18:41:58+02:00
/run/media/mike/disk/DCIM/127_FUJI/_DSF7272.RAF,_DSF7272.RAF,2026:08:01 16:41:50,1/1000,320,2.0,Mechanical,Continuous High,8 fps,55,On,8507,1,2026:08:01 18:41:58+02:00
/run/media/mike/disk/DCIM/127_FUJI/_DSF7273.RAF,_DSF7273.RAF,2026:08:01 16:41:50,1/1000,320,2.0,Mechanical,Continuous High,8 fps,56,On,8508,1,2026:08:01 18:41:58+02:00
/run/media/mike/disk/DCIM/127_FUJI/_DSF7274.RAF,_DSF7274.RAF,2026:08:01 16:41:50,1/1000,320,2.0,Mechanical,Continuous High,8 fps,57,On,8509,1,2026:08:01 18:41:58+02:00
/run/media/mike/disk/DCIM/127_FUJI/_DSF7275.RAF,_DSF7275.RAF,2026:08:01 16:41:50,1/1000,320,2.0,Mechanical,Continuous High,8 fps,58,On,8510,1,2026:08:01 18:42:00+02:00
/run/media/mike/disk/DCIM/127_FUJI/_DSF7276.RAF,_DSF7276.RAF,2026:08:01 16:41:51,1/1000,320,2.0,Mechanical,Continuous High,8 fps,59,On,8511,1,2026:08:01 18:42:00+02:00
/run/media/mike/disk/DCIM/127_FUJI/_DSF7277.RAF,_DSF7277.RAF,2026:08:01 16:41:51,1/1000,320,2.0,Mechanical,Continuous High,8 fps,60,On,8512,1,2026:08:01 18:42:00+02:00
/run/media/mike/disk/DCIM/127_FUJI/_DSF7278.RAF,_DSF7278.RAF,2026:08:01 16:41:51,1/1000,320,2.0,Mechanical,Continuous High,8 fps,61,On,8513,1,2026:08:01 18:42:00+02:00
/run/media/mike/disk/DCIM/127_FUJI/_DSF7279.RAF,_DSF7279.RAF,2026:08:01 16:41:51,1/1000,320,2.0,Mechanical,Continuous High,8 fps,62,On,8514,1,2026:08:01 18:42:00+02:00
/run/media/mike/disk/DCIM/127_FUJI/_DSF7280.RAF,_DSF7280.RAF,2026:08:01 16:41:51,1/1000,320,2.0,Mechanical,Continuous High,8 fps,63,On,8515,1,2026:08:01 18:42:00+02:00
/run/media/mike/disk/DCIM/127_FUJI/_DSF7281.RAF,_DSF7281.RAF,2026:08:01 16:41:52,1/1000,320,2.0,Mechanical,Continuous High,8 fps,64,On,8516,1,2026:08:01 18:42:00+02:00
/run/media/mike/disk/DCIM/127_FUJI/_DSF7282.RAF,_DSF7282.RAF,2026:08:01 16:41:52,1/1000,320,2.0,Mechanical,Continuous High,8 fps,65,On,8517,1,2026:08:01 18:42:02+02:00
/run/media/mike/disk/DCIM/127_FUJI/_DSF7283.RAF,_DSF7283.RAF,2026:08:01 16:41:52,1/1000,320,2.0,Mechanical,Continuous High,8 fps,66,On,8518,1,2026:08:01 18:42:02+02:00
/run/media/mike/disk/DCIM/127_FUJI/_DSF7284.RAF,_DSF7284.RAF,2026:08:01 16:41:52,1/1000,320,2.0,Mechanical,Continuous High,8 fps,67,On,8519,1,2026:08:01 18:42:02+02:00
/run/media/mike/disk/DCIM/127_FUJI/_DSF7285.RAF,_DSF7285.RAF,2026:08:01 16:41:53,1/1000,320,2.0,Mechanical,Continuous High,8 fps,68,On,8520,1,2026:08:01 18:42:02+02:00
/run/media/mike/disk/DCIM/127_FUJI/_DSF7286.RAF,_DSF7286.RAF,2026:08:01 16:41:53,1/1000,320,2.0,Mechanical,Continuous High,8 fps,69,On,8521,1,2026:08:01 18:42:02+02:00
/run/media/mike/disk/DCIM/127_FUJI/_DSF7287.RAF,_DSF7287.RAF,2026:08:01 16:41:53,1/1000,320,2.0,Mechanical,Continuous High,8 fps,70,On,8522,1,2026:08:01 18:42:02+02:00
/run/media/mike/disk/DCIM/127_FUJI/_DSF7288.RAF,_DSF7288.RAF,2026:08:01 16:41:53,1/1000,320,2.0,Mechanical,Continuous High,8 fps,71,On,8523,1,2026:08:01 18:42:04+02:00
/run/media/mike/disk/DCIM/127_FUJI/_DSF7289.RAF,_DSF7289.RAF,2026:08:01 16:41:54,1/1000,320,2.0,Mechanical,Continuous High,8 fps,72,On,8524,1,2026:08:01 18:42:04+02:00
/run/media/mike/disk/DCIM/127_FUJI/_DSF7290.RAF,_DSF7290.RAF,2026:08:01 16:41:54,1/1000,320,2.0,Mechanical,Continuous High,8 fps,73,On,8525,1,2026:08:01 18:42:04+02:00
/run/media/mike/disk/DCIM/127_FUJI/_DSF7291.RAF,_DSF7291.RAF,2026:08:01 16:41:54,1/1000,320,2.0,Mechanical,Continuous High,8 fps,74,On,8526,1,2026:08:01 18:42:04+02:00
/run/media/mike/disk/DCIM/127_FUJI/_DSF7292.RAF,_DSF7292.RAF,2026:08:01 16:41:54,1/1000,320,2.0,Mechanical,Continuous High,8 fps,75,On,8527,1,2026:08:01 18:42:06+02:00
/run/media/mike/disk/DCIM/127_FUJI/_DSF7293.RAF,_DSF7293.RAF,2026:08:01 16:41:55,1/1000,320,2.0,Mechanical,Continuous High,8 fps,76,On,8528,1,2026:08:01 18:42:06+02:00
/run/media/mike/disk/DCIM/127_FUJI/_DSF7294.RAF,_DSF7294.RAF,2026:08:01 16:41:55,1/1000,320,2.0,Mechanical,Continuous High,8 fps,77,On,8529,1,2026:08:01 18:42:06+02:00
/run/media/mike/disk/DCIM/127_FUJI/_DSF7295.RAF,_DSF7295.RAF,2026:08:01 16:41:55,1/1000,320,2.0,Mechanical,Continuous High,8 fps,78,On,8530,1,2026:08:01 18:42:06+02:00
/run/media/mike/disk/DCIM/127_FUJI/_DSF7296.RAF,_DSF7296.RAF,2026:08:01 16:41:56,1/1000,320,2.0,Mechanical,Continuous High,8 fps,79,On,8531,1,2026:08:01 18:42:06+02:00
/run/media/mike/disk/DCIM/127_FUJI/_DSF7297.RAF,_DSF7297.RAF,2026:08:01 16:41:56,1/1000,320,2.0,Mechanical,Continuous High,8 fps,80,On,8532,1,2026:08:01 18:42:08+02:00
/run/media/mike/disk/DCIM/127_FUJI/_DSF7298.RAF,_DSF7298.RAF,2026:08:01 16:41:56,1/1000,320,2.0,Mechanical,Continuous High,8 fps,81,On,8533,1,2026:08:01 18:42:08+02:00
/run/media/mike/disk/DCIM/127_FUJI/_DSF7299.RAF,_DSF7299.RAF,2026:08:01 16:41:57,1/1000,320,2.0,Mechanical,Continuous High,8 fps,82,On,8534,1,2026:08:01 18:42:08+02:00
/run/media/mike/disk/DCIM/127_FUJI/_DSF7300.RAF,_DSF7300.RAF,2026:08:01 16:41:57,1/1000,320,2.0,Mechanical,Continuous High,8 fps,83,On,8535,1,2026:08:01 18:42:08+02:00
/run/media/mike/disk/DCIM/127_FUJI/_DSF7301.RAF,_DSF7301.RAF,2026:08:01 16:41:57,1/1000,320,2.0,Mechanical,Continuous High,8 fps,84,On,8536,1,2026:08:01 18:42:08+02:00
/run/media/mike/disk/DCIM/127_FUJI/_DSF7302.RAF,_DSF7302.RAF,2026:08:01 16:41:57,1/1000,320,2.0,Mechanical,Continuous High,8 fps,85,On,8537,1,2026:08:01 18:42:08+02:00
/run/media/mike/disk/DCIM/127_FUJI/_DSF7303.RAF,_DSF7303.RAF,2026:08:01 16:41:58,1/1000,320,2.0,Mechanical,Continuous High,8 fps,86,On,8538,1,2026:08:01 18:42:08+02:00
/run/media/mike/disk/DCIM/127_FUJI/_DSF7304.RAF,_DSF7304.RAF,2026:08:01 16:41:58,1/1000,320,2.0,Mechanical,Continuous High,8 fps,87,On,8539,1,2026:08:01 18:42:08+02:00
/run/media/mike/disk/DCIM/127_FUJI/_DSF7305.RAF,_DSF7305.RAF,2026:08:01 16:41:58,1/1000,320,2.0,Mechanical,Continuous High,8 fps,88,On,8540,1,2026:08:01 18:42:10+02:00
/run/media/mike/disk/DCIM/127_FUJI/_DSF7306.RAF,_DSF7306.RAF,2026:08:01 16:41:59,1/1000,320,2.0,Mechanical,Continuous High,8 fps,89,On,8541,1,2026:08:01 18:42:10+02:00
/run/media/mike/disk/DCIM/127_FUJI/_DSF7307.RAF,_DSF7307.RAF,2026:08:01 16:41:59,1/1000,320,2.0,Mechanical,Continuous High,8 fps,90,On,8542,1,2026:08:01 18:42:10+02:00
/run/media/mike/disk/DCIM/127_FUJI/_DSF7308.RAF,_DSF7308.RAF,2026:08:01 16:41:59,1/1000,320,2.0,Mechanical,Continuous High,8 fps,91,On,8543,1,2026:08:01 18:42:10+02:00
/run/media/mike/disk/DCIM/127_FUJI/_DSF7309.RAF,_DSF7309.RAF,2026:08:01 16:42:00,1/1000,320,2.0,Mechanical,Continuous High,8 fps,92,On,8544,1,2026:08:01 18:42:10+02:00
/run/media/mike/disk/DCIM/127_FUJI/_DSF7310.RAF,_DSF7310.RAF,2026:08:01 16:42:00,1/1000,320,2.0,Mechanical,Continuous High,8 fps,93,On,8545,1,2026:08:01 18:42:10+02:00
/run/media/mike/disk/DCIM/127_FUJI/_DSF7311.RAF,_DSF7311.RAF,2026:08:01 16:42:00,1/1000,320,2.0,Mechanical,Continuous High,8 fps,94,On,8546,1,2026:08:01 18:42:10+02:00
/run/media/mike/disk/DCIM/127_FUJI/_DSF7312.RAF,_DSF7312.RAF,2026:08:01 16:42:01,1/1000,320,2.0,Mechanical,Continuous High,8 fps,95,On,8547,1,2026:08:01 18:42:10+02:00
/run/media/mike/disk/DCIM/127_FUJI/_DSF7313.RAF,_DSF7313.RAF,2026:08:01 16:42:01,1/1000,320,2.0,Mechanical,Continuous High,8 fps,96,On,8548,1,2026:08:01 18:42:12+02:00
/run/media/mike/disk/DCIM/127_FUJI/_DSF7314.RAF,_DSF7314.RAF,2026:08:01 16:42:01,1/1000,320,2.0,Mechanical,Continuous High,8 fps,97,On,8549,1,2026:08:01 18:42:12+02:00
/run/media/mike/disk/DCIM/127_FUJI/_DSF7315.RAF,_DSF7315.RAF,2026:08:01 16:42:02,1/1000,320,2.0,Mechanical,Continuous High,8 fps,98,On,8550,1,2026:08:01 18:42:12+02:00
/run/media/mike/disk/DCIM/127_FUJI/_DSF7316.RAF,_DSF7316.RAF,2026:08:01 16:42:02,1/1000,320,2.0,Mechanical,Continuous High,8 fps,99,On,8551,1,2026:08:01 18:42:12+02:00
/run/media/mike/disk/DCIM/127_FUJI/_DSF7317.RAF,_DSF7317.RAF,2026:08:01 16:42:02,1/1000,320,2.0,Mechanical,Continuous High,8 fps,100,On,8552,1,2026:08:01 18:42:12+02:00
/run/media/mike/disk/DCIM/127_FUJI/_DSF7318.RAF,_DSF7318.RAF,2026:08:01 16:42:03,1/1000,320,2.0,Mechanical,Continuous High,8 fps,101,On,8553,1,2026:08:01 18:42:12+02:00
/run/media/mike/disk/DCIM/127_FUJI/_DSF7319.RAF,_DSF7319.RAF,2026:08:01 16:42:03,1/1000,320,2.0,Mechanical,Continuous High,8 fps,102,On,8554,1,2026:08:01 18:42:12+02:00
/run/media/mike/disk/DCIM/127_FUJI/_DSF7320.RAF,_DSF7320.RAF,2026:08:01 16:42:03,1/1000,320,2.0,Mechanical,Continuous High,8 fps,103,On,8555,1,2026:08:01 18:42:14+02:00
/run/media/mike/disk/DCIM/127_FUJI/_DSF7321.RAF,_DSF7321.RAF,2026:08:01 16:43:34,1/15,320,2.0,Mechanical,Continuous High,10 fps,1,On,8556,1,2026:08:01 18:43:34+02:00
/run/media/mike/disk/DCIM/127_FUJI/_DSF7322.RAF,_DSF7322.RAF,2026:08:01 16:43:36,1/15,320,2.0,Mechanical,Continuous High,10 fps,1,On,8557,1,2026:08:01 18:43:36+02:00
/run/media/mike/disk/DCIM/127_FUJI/_DSF7323.RAF,_DSF7323.RAF,2026:08:01 16:43:36,1/15,320,2.0,Mechanical,Continuous High,10 fps,2,On,8558,1,2026:08:01 18:43:36+02:00
/run/media/mike/disk/DCIM/127_FUJI/_DSF7324.RAF,_DSF7324.RAF,2026:08:01 16:43:38,1/15,320,2.0,Mechanical,Continuous High,10 fps,1,On,8559,1,2026:08:01 18:43:38+02:00
/run/media/mike/disk/DCIM/127_FUJI/_DSF7325.RAF,_DSF7325.RAF,2026:08:01 16:43:43,1/15,320,2.0,Mechanical,Continuous High,10 fps,1,On,8560,1,2026:08:01 18:43:44+02:00
/run/media/mike/disk/DCIM/127_FUJI/_DSF7326.RAF,_DSF7326.RAF,2026:08:01 16:43:43,1/15,320,2.0,Mechanical,Continuous High,10 fps,2,On,8561,1,2026:08:01 18:43:44+02:00
/run/media/mike/disk/DCIM/127_FUJI/_DSF7327.RAF,_DSF7327.RAF,2026:08:01 16:43:43,1/15,320,2.0,Mechanical,Continuous High,10 fps,3,On,8562,1,2026:08:01 18:43:44+02:00
/run/media/mike/disk/DCIM/127_FUJI/_DSF7328.RAF,_DSF7328.RAF,2026:08:01 16:43:44,1/15,320,2.0,Mechanical,Continuous High,10 fps,4,On,8563,1,2026:08:01 18:43:44+02:00
/run/media/mike/disk/DCIM/127_FUJI/_DSF7329.RAF,_DSF7329.RAF,2026:08:01 16:43:44,1/15,320,2.0,Mechanical,Continuous High,10 fps,5,On,8564,1,2026:08:01 18:43:44+02:00
/run/media/mike/disk/DCIM/127_FUJI/_DSF7330.RAF,_DSF7330.RAF,2026:08:01 16:43:44,1/15,320,2.0,Mechanical,Continuous High,10 fps,6,On,8565,1,2026:08:01 18:43:46+02:00
/run/media/mike/disk/DCIM/127_FUJI/_DSF7331.RAF,_DSF7331.RAF,2026:08:01 16:43:44,1/15,320,2.0,Mechanical,Continuous High,10 fps,7,On,8566,1,2026:08:01 18:43:46+02:00
/run/media/mike/disk/DCIM/127_FUJI/_DSF7332.RAF,_DSF7332.RAF,2026:08:01 16:43:44,1/15,320,2.0,Mechanical,Continuous High,10 fps,8,On,8567,1,2026:08:01 18:43:46+02:00
/run/media/mike/disk/DCIM/127_FUJI/_DSF7333.RAF,_DSF7333.RAF,2026:08:01 16:43:44,1/15,320,2.0,Mechanical,Continuous High,10 fps,9,On,8568,1,2026:08:01 18:43:46+02:00
/run/media/mike/disk/DCIM/127_FUJI/_DSF7334.RAF,_DSF7334.RAF,2026:08:01 16:43:44,1/15,320,2.0,Mechanical,Continuous High,10 fps,10,On,8569,1,2026:08:01 18:43:46+02:00
/run/media/mike/disk/DCIM/127_FUJI/_DSF7335.RAF,_DSF7335.RAF,2026:08:01 16:43:44,1/15,320,2.0,Mechanical,Continuous High,10 fps,11,On,8570,1,2026:08:01 18:43:46+02:00
/run/media/mike/disk/DCIM/127_FUJI/_DSF7336.RAF,_DSF7336.RAF,2026:08:01 16:43:44,1/15,320,2.0,Mechanical,Continuous High,10 fps,12,On,8571,1,2026:08:01 18:43:48+02:00
/run/media/mike/disk/DCIM/127_FUJI/_DSF7337.RAF,_DSF7337.RAF,2026:08:01 16:43:45,1/15,320,2.0,Mechanical,Continuous High,10 fps,13,On,8572,1,2026:08:01 18:43:48+02:00
/run/media/mike/disk/DCIM/127_FUJI/_DSF7338.RAF,_DSF7338.RAF,2026:08:01 16:43:45,1/15,320,2.0,Mechanical,Continuous High,10 fps,14,On,8573,1,2026:08:01 18:43:48+02:00
/run/media/mike/disk/DCIM/127_FUJI/_DSF7339.RAF,_DSF7339.RAF,2026:08:01 16:43:45,1/15,320,2.0,Mechanical,Continuous High,10 fps,15,On,8574,1,2026:08:01 18:43:48+02:00
/run/media/mike/disk/DCIM/127_FUJI/_DSF7340.RAF,_DSF7340.RAF,2026:08:01 16:43:45,1/15,320,2.0,Mechanical,Continuous High,10 fps,16,On,8575,1,2026:08:01 18:43:48+02:00
/run/media/mike/disk/DCIM/127_FUJI/_DSF7341.RAF,_DSF7341.RAF,2026:08:01 16:43:45,1/15,320,2.0,Mechanical,Continuous High,10 fps,17,On,8576,1,2026:08:01 18:43:50+02:00
/run/media/mike/disk/DCIM/127_FUJI/_DSF7342.RAF,_DSF7342.RAF,2026:08:01 16:43:45,1/15,320,2.0,Mechanical,Continuous High,10 fps,18,On,8577,1,2026:08:01 18:43:50+02:00
/run/media/mike/disk/DCIM/127_FUJI/_DSF7343.RAF,_DSF7343.RAF,2026:08:01 16:43:45,1/15,320,2.0,Mechanical,Continuous High,10 fps,19,On,8578,1,2026:08:01 18:43:50+02:00
/run/media/mike/disk/DCIM/127_FUJI/_DSF7344.RAF,_DSF7344.RAF,2026:08:01 16:43:45,1/15,320,2.0,Mechanical,Continuous High,10 fps,20,On,8579,1,2026:08:01 18:43:50+02:00
/run/media/mike/disk/DCIM/127_FUJI/_DSF7345.RAF,_DSF7345.RAF,2026:08:01 16:43:46,1/15,320,2.0,Mechanical,Continuous High,10 fps,21,On,8580,1,2026:08:01 18:43:50+02:00
/run/media/mike/disk/DCIM/127_FUJI/_DSF7346.RAF,_DSF7346.RAF,2026:08:01 16:43:46,1/15,320,2.0,Mechanical,Continuous High,10 fps,22,On,8581,1,2026:08:01 18:43:50+02:00
/run/media/mike/disk/DCIM/127_FUJI/_DSF7347.RAF,_DSF7347.RAF,2026:08:01 16:43:46,1/15,320,2.0,Mechanical,Continuous High,10 fps,23,On,8582,1,2026:08:01 18:43:52+02:00
/run/media/mike/disk/DCIM/127_FUJI/_DSF7348.RAF,_DSF7348.RAF,2026:08:01 16:43:46,1/15,320,2.0,Mechanical,Continuous High,10 fps,24,On,8583,1,2026:08:01 18:43:52+02:00
/run/media/mike/disk/DCIM/127_FUJI/_DSF7349.RAF,_DSF7349.RAF,2026:08:01 16:43:46,1/15,320,2.0,Mechanical,Continuous High,10 fps,25,On,8584,1,2026:08:01 18:43:52+02:00
/run/media/mike/disk/DCIM/127_FUJI/_DSF7350.RAF,_DSF7350.RAF,2026:08:01 16:43:46,1/15,320,2.0,Mechanical,Continuous High,10 fps,26,On,8585,1,2026:08:01 18:43:52+02:00
/run/media/mike/disk/DCIM/127_FUJI/_DSF7351.RAF,_DSF7351.RAF,2026:08:01 16:43:46,1/15,320,2.0,Mechanical,Continuous High,10 fps,27,On,8586,1,2026:08:01 18:43:52+02:00
/run/media/mike/disk/DCIM/127_FUJI/_DSF7352.RAF,_DSF7352.RAF,2026:08:01 16:43:46,1/15,320,2.0,Mechanical,Continuous High,10 fps,28,On,8587,1,2026:08:01 18:43:54+02:00
/run/media/mike/disk/DCIM/127_FUJI/_DSF7353.RAF,_DSF7353.RAF,2026:08:01 16:43:46,1/15,320,2.0,Mechanical,Continuous High,10 fps,29,On,8588,1,2026:08:01 18:43:54+02:00
/run/media/mike/disk/DCIM/127_FUJI/_DSF7354.RAF,_DSF7354.RAF,2026:08:01 16:43:47,1/15,320,2.0,Mechanical,Continuous High,10 fps,30,On,8589,1,2026:08:01 18:43:54+02:00
/run/media/mike/disk/DCIM/127_FUJI/_DSF7355.RAF,_DSF7355.RAF,2026:08:01 16:43:47,1/15,320,2.0,Mechanical,Continuous High,10 fps,31,On,8590,1,2026:08:01 18:43:54+02:00
/run/media/mike/disk/DCIM/127_FUJI/_DSF7356.RAF,_DSF7356.RAF,2026:08:01 16:43:47,1/15,320,2.0,Mechanical,Continuous High,10 fps,32,On,8591,1,2026:08:01 18:43:54+02:00
/run/media/mike/disk/DCIM/127_FUJI/_DSF7357.RAF,_DSF7357.RAF,2026:08:01 16:43:47,1/15,320,2.0,Mechanical,Continuous High,10 fps,33,On,8592,1,2026:08:01 18:43:54+02:00
/run/media/mike/disk/DCIM/127_FUJI/_DSF7358.RAF,_DSF7358.RAF,2026:08:01 16:43:47,1/15,320,2.0,Mechanical,Continuous High,10 fps,34,On,8593,1,2026:08:01 18:43:54+02:00
/run/media/mike/disk/DCIM/127_FUJI/_DSF7359.RAF,_DSF7359.RAF,2026:08:01 16:43:47,1/15,320,2.0,Mechanical,Continuous High,10 fps,35,On,8594,1,2026:08:01 18:43:56+02:00
/run/media/mike/disk/DCIM/127_FUJI/_DSF7360.RAF,_DSF7360.RAF,2026:08:01 16:43:47,1/15,320,2.0,Mechanical,Continuous High,10 fps,36,On,8595,1,2026:08:01 18:43:56+02:00
/run/media/mike/disk/DCIM/127_FUJI/_DSF7361.RAF,_DSF7361.RAF,2026:08:01 16:43:47,1/15,320,2.0,Mechanical,Continuous High,10 fps,37,On,8596,1,2026:08:01 18:43:56+02:00
/run/media/mike/disk/DCIM/127_FUJI/_DSF7362.RAF,_DSF7362.RAF,2026:08:01 16:43:48,1/15,320,2.0,Mechanical,Continuous High,10 fps,38,On,8597,1,2026:08:01 18:43:56+02:00
/run/media/mike/disk/DCIM/127_FUJI/_DSF7363.RAF,_DSF7363.RAF,2026:08:01 16:43:48,1/15,320,2.0,Mechanical,Continuous High,10 fps,39,On,8598,1,2026:08:01 18:43:56+02:00
/run/media/mike/disk/DCIM/127_FUJI/_DSF7364.RAF,_DSF7364.RAF,2026:08:01 16:43:48,1/15,320,2.0,Mechanical,Continuous High,10 fps,40,On,8599,1,2026:08:01 18:43:56+02:00
/run/media/mike/disk/DCIM/127_FUJI/_DSF7365.RAF,_DSF7365.RAF,2026:08:01 16:43:48,1/15,320,2.0,Mechanical,Continuous High,10 fps,41,On,8600,1,2026:08:01 18:43:58+02:00
/run/media/mike/disk/DCIM/127_FUJI/_DSF7366.RAF,_DSF7366.RAF,2026:08:01 16:43:48,1/15,320,2.0,Mechanical,Continuous High,8 fps,42,On,8601,1,2026:08:01 18:43:58+02:00
/run/media/mike/disk/DCIM/127_FUJI/_DSF7367.RAF,_DSF7367.RAF,2026:08:01 16:43:48,1/15,320,2.0,Mechanical,Continuous High,10 fps,43,On,8602,1,2026:08:01 18:43:58+02:00
/run/media/mike/disk/DCIM/127_FUJI/_DSF7368.RAF,_DSF7368.RAF,2026:08:01 16:43:48,1/15,320,2.0,Mechanical,Continuous High,8 fps,44,On,8603,1,2026:08:01 18:43:58+02:00
/run/media/mike/disk/DCIM/127_FUJI/_DSF7369.RAF,_DSF7369.RAF,2026:08:01 16:43:49,1/15,320,2.0,Mechanical,Continuous High,8 fps,45,On,8604,1,2026:08:01 18:43:58+02:00
/run/media/mike/disk/DCIM/127_FUJI/_DSF7370.RAF,_DSF7370.RAF,2026:08:01 16:43:49,1/15,320,2.0,Mechanical,Continuous High,8 fps,46,On,8605,1,2026:08:01 18:43:58+02:00
/run/media/mike/disk/DCIM/127_FUJI/_DSF7371.RAF,_DSF7371.RAF,2026:08:01 16:43:49,1/15,320,2.0,Mechanical,Continuous High,8 fps,47,On,8606,1,2026:08:01 18:44:00+02:00
/run/media/mike/disk/DCIM/127_FUJI/_DSF7372.RAF,_DSF7372.RAF,2026:08:01 16:45:09,0.5,320,2.0,Mechanical,Continuous High,10 fps,1,On,8607,1,2026:08:01 18:45:10+02:00
/run/media/mike/disk/DCIM/127_FUJI/_DSF7373.RAF,_DSF7373.RAF,2026:08:01 16:45:09,0.5,320,2.0,Mechanical,Continuous High,10 fps,2,On,8608,1,2026:08:01 18:45:10+02:00
/run/media/mike/disk/DCIM/127_FUJI/_DSF7374.RAF,_DSF7374.RAF,2026:08:01 16:45:10,0.5,320,2.0,Mechanical,Continuous High,10 fps,3,On,8609,1,2026:08:01 18:45:10+02:00
/run/media/mike/disk/DCIM/127_FUJI/_DSF7375.RAF,_DSF7375.RAF,2026:08:01 16:45:10,0.5,320,2.0,Mechanical,Continuous High,10 fps,4,On,8610,1,2026:08:01 18:45:10+02:00
/run/media/mike/disk/DCIM/127_FUJI/_DSF7376.RAF,_DSF7376.RAF,2026:08:01 16:45:11,0.5,320,2.0,Mechanical,Continuous High,10 fps,5,On,8611,1,2026:08:01 18:45:12+02:00
/run/media/mike/disk/DCIM/127_FUJI/_DSF7377.RAF,_DSF7377.RAF,2026:08:01 16:45:11,0.5,320,2.0,Mechanical,Continuous High,10 fps,6,On,8612,1,2026:08:01 18:45:12+02:00
/run/media/mike/disk/DCIM/127_FUJI/_DSF7378.RAF,_DSF7378.RAF,2026:08:01 16:45:12,0.5,320,2.0,Mechanical,Continuous High,10 fps,7,On,8613,1,2026:08:01 18:45:12+02:00
/run/media/mike/disk/DCIM/127_FUJI/_DSF7379.RAF,_DSF7379.RAF,2026:08:01 16:45:13,0.5,320,2.0,Mechanical,Continuous High,10 fps,8,On,8614,1,2026:08:01 18:45:14+02:00
/run/media/mike/disk/DCIM/127_FUJI/_DSF7380.RAF,_DSF7380.RAF,2026:08:01 16:45:13,0.5,320,2.0,Mechanical,Continuous High,10 fps,9,On,8615,1,2026:08:01 18:45:14+02:00
/run/media/mike/disk/DCIM/127_FUJI/_DSF7381.RAF,_DSF7381.RAF,2026:08:01 16:45:14,0.5,320,2.0,Mechanical,Continuous High,10 fps,10,On,8616,1,2026:08:01 18:45:14+02:00
/run/media/mike/disk/DCIM/127_FUJI/_DSF7382.RAF,_DSF7382.RAF,2026:08:01 16:45:14,0.5,320,2.0,Mechanical,Continuous High,10 fps,11,On,8617,1,2026:08:01 18:45:14+02:00
/run/media/mike/disk/DCIM/127_FUJI/_DSF7383.RAF,_DSF7383.RAF,2026:08:01 16:45:15,0.5,320,2.0,Mechanical,Continuous High,10 fps,12,On,8618,1,2026:08:01 18:45:16+02:00
/run/media/mike/disk/DCIM/127_FUJI/_DSF7384.RAF,_DSF7384.RAF,2026:08:01 16:45:15,0.5,320,2.0,Mechanical,Continuous High,10 fps,13,On,8619,1,2026:08:01 18:45:16+02:00
/run/media/mike/disk/DCIM/127_FUJI/_DSF7385.RAF,_DSF7385.RAF,2026:08:01 16:45:16,0.5,320,2.0,Mechanical,Continuous High,10 fps,14,On,8620,1,2026:08:01 18:45:16+02:00
/run/media/mike/disk/DCIM/127_FUJI/_DSF7386.RAF,_DSF7386.RAF,2026:08:01 16:45:17,0.5,320,2.0,Mechanical,Continuous High,10 fps,15,On,8621,1,2026:08:01 18:45:18+02:00
/run/media/mike/disk/DCIM/127_FUJI/_DSF7387.RAF,_DSF7387.RAF,2026:08:01 16:46:01,1/1000,320,2.0,Electronic,Continuous High,10 fps,1,On,8622,1,2026:08:01 18:46:00+02:00
/run/media/mike/disk/DCIM/127_FUJI/_DSF7388.RAF,_DSF7388.RAF,2026:08:01 16:46:01,1/1000,320,2.0,Electronic,Continuous High,10 fps,2,On,8623,1,2026:08:01 18:46:00+02:00
/run/media/mike/disk/DCIM/127_FUJI/_DSF7389.RAF,_DSF7389.RAF,2026:08:01 16:46:02,1/1000,320,2.0,Electronic,Continuous High,10 fps,1,On,8624,1,2026:08:01 18:46:02+02:00
/run/media/mike/disk/DCIM/127_FUJI/_DSF7390.RAF,_DSF7390.RAF,2026:08:01 16:46:02,1/1000,320,2.0,Electronic,Continuous High,10 fps,2,On,8625,1,2026:08:01 18:46:02+02:00
/run/media/mike/disk/DCIM/127_FUJI/_DSF7391.RAF,_DSF7391.RAF,2026:08:01 16:46:04,1/1000,320,2.0,Electronic,Continuous High,10 fps,1,On,8626,1,2026:08:01 18:46:04+02:00
/run/media/mike/disk/DCIM/127_FUJI/_DSF7392.RAF,_DSF7392.RAF,2026:08:01 16:46:04,1/1000,320,2.0,Electronic,Continuous High,10 fps,2,On,8627,1,2026:08:01 18:46:04+02:00
/run/media/mike/disk/DCIM/127_FUJI/_DSF7393.RAF,_DSF7393.RAF,2026:08:01 16:46:06,1/1000,320,2.0,Electronic,Continuous High,10 fps,1,On,8628,1,2026:08:01 18:46:06+02:00
/run/media/mike/disk/DCIM/127_FUJI/_DSF7394.RAF,_DSF7394.RAF,2026:08:01 16:46:06,1/1000,320,2.0,Electronic,Continuous High,10 fps,2,On,8629,1,2026:08:01 18:46:06+02:00
/run/media/mike/disk/DCIM/127_FUJI/_DSF7395.RAF,_DSF7395.RAF,2026:08:01 16:46:12,1/1000,320,2.0,Electronic,Continuous High,10 fps,1,On,8630,1,2026:08:01 18:46:12+02:00
/run/media/mike/disk/DCIM/127_FUJI/_DSF7396.RAF,_DSF7396.RAF,2026:08:01 16:46:12,1/1000,320,2.0,Electronic,Continuous High,10 fps,2,On,8631,1,2026:08:01 18:46:12+02:00
/run/media/mike/disk/DCIM/127_FUJI/_DSF7397.RAF,_DSF7397.RAF,2026:08:01 16:46:12,1/1000,320,2.0,Electronic,Continuous High,10 fps,3,On,8632,1,2026:08:01 18:46:12+02:00
/run/media/mike/disk/DCIM/127_FUJI/_DSF7398.RAF,_DSF7398.RAF,2026:08:01 16:46:12,1/1000,320,2.0,Electronic,Continuous High,10 fps,4,On,8633,1,2026:08:01 18:46:12+02:00
/run/media/mike/disk/DCIM/127_FUJI/_DSF7399.RAF,_DSF7399.RAF,2026:08:01 16:46:12,1/1000,320,2.0,Electronic,Continuous High,10 fps,5,On,8634,1,2026:08:01 18:46:12+02:00
/run/media/mike/disk/DCIM/127_FUJI/_DSF7400.RAF,_DSF7400.RAF,2026:08:01 16:46:12,1/1000,320,2.0,Electronic,Continuous High,10 fps,6,On,8635,1,2026:08:01 18:46:14+02:00
/run/media/mike/disk/DCIM/127_FUJI/_DSF7401.RAF,_DSF7401.RAF,2026:08:01 16:46:12,1/1000,320,2.0,Electronic,Continuous High,10 fps,7,On,8636,1,2026:08:01 18:46:14+02:00
/run/media/mike/disk/DCIM/127_FUJI/_DSF7402.RAF,_DSF7402.RAF,2026:08:01 16:46:12,1/1000,320,2.0,Electronic,Continuous High,10 fps,8,On,8637,1,2026:08:01 18:46:14+02:00
/run/media/mike/disk/DCIM/127_FUJI/_DSF7403.RAF,_DSF7403.RAF,2026:08:01 16:46:12,1/1000,320,2.0,Electronic,Continuous High,10 fps,9,On,8638,1,2026:08:01 18:46:14+02:00
/run/media/mike/disk/DCIM/127_FUJI/_DSF7404.RAF,_DSF7404.RAF,2026:08:01 16:46:12,1/1000,320,2.0,Electronic,Continuous High,10 fps,10,On,8639,1,2026:08:01 18:46:14+02:00
/run/media/mike/disk/DCIM/127_FUJI/_DSF7405.RAF,_DSF7405.RAF,2026:08:01 16:46:13,1/1000,320,2.0,Electronic,Continuous High,10 fps,11,On,8640,1,2026:08:01 18:46:14+02:00
/run/media/mike/disk/DCIM/127_FUJI/_DSF7406.RAF,_DSF7406.RAF,2026:08:01 16:46:13,1/1000,320,2.0,Electronic,Continuous High,10 fps,12,On,8641,1,2026:08:01 18:46:16+02:00
/run/media/mike/disk/DCIM/127_FUJI/_DSF7407.RAF,_DSF7407.RAF,2026:08:01 16:46:13,1/1000,320,2.0,Electronic,Continuous High,10 fps,13,On,8642,1,2026:08:01 18:46:16+02:00
/run/media/mike/disk/DCIM/127_FUJI/_DSF7408.RAF,_DSF7408.RAF,2026:08:01 16:46:13,1/1000,320,2.0,Electronic,Continuous High,10 fps,14,On,8643,1,2026:08:01 18:46:16+02:00
/run/media/mike/disk/DCIM/127_FUJI/_DSF7409.RAF,_DSF7409.RAF,2026:08:01 16:46:13,1/1000,320,2.0,Electronic,Continuous High,10 fps,15,On,8644,1,2026:08:01 18:46:16+02:00
/run/media/mike/disk/DCIM/127_FUJI/_DSF7410.RAF,_DSF7410.RAF,2026:08:01 16:46:13,1/1000,320,2.0,Electronic,Continuous High,10 fps,16,On,8645,1,2026:08:01 18:46:16+02:00
/run/media/mike/disk/DCIM/127_FUJI/_DSF7411.RAF,_DSF7411.RAF,2026:08:01 16:46:13,1/1000,320,2.0,Electronic,Continuous High,10 fps,17,On,8646,1,2026:08:01 18:46:16+02:00
/run/media/mike/disk/DCIM/127_FUJI/_DSF7412.RAF,_DSF7412.RAF,2026:08:01 16:46:13,1/1000,320,2.0,Electronic,Continuous High,10 fps,18,On,8647,1,2026:08:01 18:46:18+02:00
/run/media/mike/disk/DCIM/127_FUJI/_DSF7413.RAF,_DSF7413.RAF,2026:08:01 16:46:13,1/1000,320,2.0,Electronic,Continuous High,10 fps,19,On,8648,1,2026:08:01 18:46:18+02:00
/run/media/mike/disk/DCIM/127_FUJI/_DSF7414.RAF,_DSF7414.RAF,2026:08:01 16:46:13,1/1000,320,2.0,Electronic,Continuous High,10 fps,20,On,8649,1,2026:08:01 18:46:18+02:00
/run/media/mike/disk/DCIM/127_FUJI/_DSF7415.RAF,_DSF7415.RAF,2026:08:01 16:46:14,1/1000,320,2.0,Electronic,Continuous High,10 fps,21,On,8650,1,2026:08:01 18:46:18+02:00
/run/media/mike/disk/DCIM/127_FUJI/_DSF7416.RAF,_DSF7416.RAF,2026:08:01 16:46:14,1/1000,320,2.0,Electronic,Continuous High,10 fps,22,On,8651,1,2026:08:01 18:46:18+02:00
/run/media/mike/disk/DCIM/127_FUJI/_DSF7417.RAF,_DSF7417.RAF,2026:08:01 16:46:14,1/1000,320,2.0,Electronic,Continuous High,10 fps,23,On,8652,1,2026:08:01 18:46:18+02:00
/run/media/mike/disk/DCIM/127_FUJI/_DSF7418.RAF,_DSF7418.RAF,2026:08:01 16:46:14,1/1000,320,2.0,Electronic,Continuous High,10 fps,24,On,8653,1,2026:08:01 18:46:20+02:00
/run/media/mike/disk/DCIM/127_FUJI/_DSF7419.RAF,_DSF7419.RAF,2026:08:01 16:46:14,1/1000,320,2.0,Electronic,Continuous High,10 fps,25,On,8654,1,2026:08:01 18:46:20+02:00
/run/media/mike/disk/DCIM/127_FUJI/_DSF7420.RAF,_DSF7420.RAF,2026:08:01 16:46:14,1/1000,320,2.0,Electronic,Continuous High,10 fps,26,On,8655,1,2026:08:01 18:46:20+02:00
/run/media/mike/disk/DCIM/127_FUJI/_DSF7421.RAF,_DSF7421.RAF,2026:08:01 16:46:14,1/1000,320,2.0,Electronic,Continuous High,10 fps,27,On,8656,1,2026:08:01 18:46:20+02:00
/run/media/mike/disk/DCIM/127_FUJI/_DSF7422.RAF,_DSF7422.RAF,2026:08:01 16:46:14,1/1000,320,2.0,Electronic,Continuous High,10 fps,28,On,8657,1,2026:08:01 18:46:20+02:00
/run/media/mike/disk/DCIM/127_FUJI/_DSF7423.RAF,_DSF7423.RAF,2026:08:01 16:46:14,1/1000,320,2.0,Electronic,Continuous High,10 fps,29,On,8658,1,2026:08:01 18:46:20+02:00
/run/media/mike/disk/DCIM/127_FUJI/_DSF7424.RAF,_DSF7424.RAF,2026:08:01 16:46:14,1/1000,320,2.0,Electronic,Continuous High,10 fps,30,On,8659,1,2026:08:01 18:46:20+02:00
/run/media/mike/disk/DCIM/127_FUJI/_DSF7425.RAF,_DSF7425.RAF,2026:08:01 16:46:15,1/1000,320,2.0,Electronic,Continuous High,10 fps,31,On,8660,1,2026:08:01 18:46:20+02:00
/run/media/mike/disk/DCIM/127_FUJI/_DSF7426.RAF,_DSF7426.RAF,2026:08:01 16:46:15,1/1000,320,2.0,Electronic,Continuous High,10 fps,32,On,8661,1,2026:08:01 18:46:22+02:00
/run/media/mike/disk/DCIM/127_FUJI/_DSF7427.RAF,_DSF7427.RAF,2026:08:01 16:46:15,1/1000,320,2.0,Electronic,Continuous High,10 fps,33,On,8662,1,2026:08:01 18:46:22+02:00
/run/media/mike/disk/DCIM/127_FUJI/_DSF7428.RAF,_DSF7428.RAF,2026:08:01 16:46:15,1/1000,320,2.0,Electronic,Continuous High,10 fps,34,On,8663,1,2026:08:01 18:46:22+02:00
/run/media/mike/disk/DCIM/127_FUJI/_DSF7429.RAF,_DSF7429.RAF,2026:08:01 16:46:15,1/1000,320,2.0,Electronic,Continuous High,10 fps,35,On,8664,1,2026:08:01 18:46:22+02:00
/run/media/mike/disk/DCIM/127_FUJI/_DSF7430.RAF,_DSF7430.RAF,2026:08:01 16:46:15,1/1000,320,2.0,Electronic,Continuous High,10 fps,36,On,8665,1,2026:08:01 18:46:22+02:00
/run/media/mike/disk/DCIM/127_FUJI/_DSF7431.RAF,_DSF7431.RAF,2026:08:01 16:46:15,1/1000,320,2.0,Electronic,Continuous High,10 fps,37,On,8666,1,2026:08:01 18:46:22+02:00
/run/media/mike/disk/DCIM/127_FUJI/_DSF7432.RAF,_DSF7432.RAF,2026:08:01 16:46:15,1/1000,320,2.0,Electronic,Continuous High,10 fps,38,On,8667,1,2026:08:01 18:46:22+02:00
/run/media/mike/disk/DCIM/127_FUJI/_DSF7433.RAF,_DSF7433.RAF,2026:08:01 16:46:15,1/1000,320,2.0,Electronic,Continuous High,10 fps,39,On,8668,1,2026:08:01 18:46:24+02:00
/run/media/mike/disk/DCIM/127_FUJI/_DSF7434.RAF,_DSF7434.RAF,2026:08:01 16:46:15,1/1000,320,2.0,Electronic,Continuous High,10 fps,40,On,8669,1,2026:08:01 18:46:24+02:00
/run/media/mike/disk/DCIM/127_FUJI/_DSF7435.RAF,_DSF7435.RAF,2026:08:01 16:46:16,1/1000,320,2.0,Electronic,Continuous High,10 fps,41,On,8670,1,2026:08:01 18:46:24+02:00
/run/media/mike/disk/DCIM/127_FUJI/_DSF7436.RAF,_DSF7436.RAF,2026:08:01 16:46:16,1/1000,320,2.0,Electronic,Continuous High,10 fps,42,On,8671,1,2026:08:01 18:46:24+02:00
/run/media/mike/disk/DCIM/127_FUJI/_DSF7437.RAF,_DSF7437.RAF,2026:08:01 16:46:16,1/1000,320,2.0,Electronic,Continuous High,10 fps,43,On,8672,1,2026:08:01 18:46:24+02:00
/run/media/mike/disk/DCIM/127_FUJI/_DSF7438.RAF,_DSF7438.RAF,2026:08:01 16:46:16,1/1000,320,2.0,Electronic,Continuous High,10 fps,44,On,8673,1,2026:08:01 18:46:24+02:00
/run/media/mike/disk/DCIM/127_FUJI/_DSF7439.RAF,_DSF7439.RAF,2026:08:01 16:46:16,1/1000,320,2.0,Electronic,Continuous High,10 fps,45,On,8674,1,2026:08:01 18:46:24+02:00
/run/media/mike/disk/DCIM/127_FUJI/_DSF7440.RAF,_DSF7440.RAF,2026:08:01 16:46:16,1/1000,320,2.0,Electronic,Continuous High,10 fps,46,On,8675,1,2026:08:01 18:46:26+02:00
/run/media/mike/disk/DCIM/127_FUJI/_DSF7441.RAF,_DSF7441.RAF,2026:08:01 16:46:16,1/1000,320,2.0,Electronic,Continuous High,10 fps,47,On,8676,1,2026:08:01 18:46:26+02:00
/run/media/mike/disk/DCIM/127_FUJI/_DSF7442.RAF,_DSF7442.RAF,2026:08:01 16:46:16,1/1000,320,2.0,Electronic,Continuous High,10 fps,48,On,8677,1,2026:08:01 18:46:26+02:00
/run/media/mike/disk/DCIM/127_FUJI/_DSF7443.RAF,_DSF7443.RAF,2026:08:01 16:48:05,1/500,320,2.0,Mechanical,Single,n/a,1,On,8678,1,2026:08:01 18:48:06+02:00
/run/media/mike/disk/DCIM/127_FUJI/_DSF7444.RAF,_DSF7444.RAF,2026:08:01 16:48:05,8,320,2.0,Mechanical,Single,n/a,2,On,8679,1,2026:08:01 18:48:14+02:00
/run/media/mike/disk/DCIM/127_FUJI/_DSF7445.RAF,_DSF7445.RAF,2026:08:01 16:48:14,1,320,2.0,Mechanical,Single,n/a,3,On,8680,1,2026:08:01 18:48:14+02:00
/run/media/mike/disk/DCIM/127_FUJI/_DSF7446.RAF,_DSF7446.RAF,2026:08:01 16:48:15,1/8,320,2.0,Mechanical,Single,n/a,4,On,8681,1,2026:08:01 18:48:16+02:00
/run/media/mike/disk/DCIM/127_FUJI/_DSF7447.RAF,_DSF7447.RAF,2026:08:01 16:48:15,1/60,320,2.0,Mechanical,Single,n/a,5,On,8682,1,2026:08:01 18:48:16+02:00
/run/media/mike/disk/DCIM/127_FUJI/_DSF7448.RAF,_DSF7448.RAF,2026:08:01 16:48:15,1/4000,320,2.0,Mechanical,Single,n/a,6,On,8683,1,2026:08:01 18:48:16+02:00
/run/media/mike/disk/DCIM/127_FUJI/_DSF7449.RAF,_DSF7449.RAF,2026:08:01 16:48:15,1/8000,320,2.0,Mechanical,Single,n/a,7,On,8684,1,2026:08:01 18:48:16+02:00
/run/media/mike/disk/DCIM/127_FUJI/_DSF7450.RAF,_DSF7450.RAF,2026:08:01 16:48:15,1/8000,320,2.0,Mechanical,Single,n/a,8,On,8685,1,2026:08:01 18:48:16+02:00
/run/media/mike/disk/DCIM/127_FUJI/_DSF7451.RAF,_DSF7451.RAF,2026:08:01 16:48:15,1/8000,320,2.0,Mechanical,Single,n/a,9,On,8686,1,2026:08:01 18:48:16+02:00
/run/media/mike/disk/DCIM/127_FUJI/_DSF7452.RAF,_DSF7452.RAF,2026:08:01 16:48:18,1/500,320,2.0,Mechanical,Single,n/a,1,On,8687,1,2026:08:01 18:48:18+02:00
/run/media/mike/disk/DCIM/127_FUJI/_DSF7453.RAF,_DSF7453.RAF,2026:08:01 16:48:18,8,320,2.0,Mechanical,Single,n/a,2,On,8688,1,2026:08:01 18:48:26+02:00
/run/media/mike/disk/DCIM/127_FUJI/_DSF7454.RAF,_DSF7454.RAF,2026:08:01 16:48:26,1,320,2.0,Mechanical,Single,n/a,3,On,8689,1,2026:08:01 18:48:26+02:00
/run/media/mike/disk/DCIM/127_FUJI/_DSF7455.RAF,_DSF7455.RAF,2026:08:01 16:48:27,1/8,320,2.0,Mechanical,Single,n/a,4,On,8690,1,2026:08:01 18:48:28+02:00
/run/media/mike/disk/DCIM/127_FUJI/_DSF7456.RAF,_DSF7456.RAF,2026:08:01 16:48:27,1/60,320,2.0,Mechanical,Single,n/a,5,On,8691,1,2026:08:01 18:48:28+02:00
/run/media/mike/disk/DCIM/127_FUJI/_DSF7457.RAF,_DSF7457.RAF,2026:08:01 16:48:27,1/4000,320,2.0,Mechanical,Single,n/a,6,On,8692,1,2026:08:01 18:48:28+02:00
/run/media/mike/disk/DCIM/127_FUJI/_DSF7458.RAF,_DSF7458.RAF,2026:08:01 16:48:27,1/8000,320,2.0,Mechanical,Single,n/a,7,On,8693,1,2026:08:01 18:48:28+02:00
/run/media/mike/disk/DCIM/127_FUJI/_DSF7459.RAF,_DSF7459.RAF,2026:08:01 16:48:27,1/8000,320,2.0,Mechanical,Single,n/a,8,On,8694,1,2026:08:01 18:48:28+02:00
/run/media/mike/disk/DCIM/127_FUJI/_DSF7460.RAF,_DSF7460.RAF,2026:08:01 16:48:28,1/8000,320,2.0,Mechanical,Single,n/a,9,On,8695,1,2026:08:01 18:48:28+02:00
/run/media/mike/disk/DCIM/127_FUJI/_DSF7461.RAF,_DSF7461.RAF,2026:08:01 16:48:28,1/500,320,2.0,Mechanical,Single,n/a,1,On,8696,1,2026:08:01 18:48:28+02:00
/run/media/mike/disk/DCIM/127_FUJI/_DSF7462.RAF,_DSF7462.RAF,2026:08:01 16:48:28,8,320,2.0,Mechanical,Single,n/a,2,On,8697,1,2026:08:01 18:48:36+02:00
/run/media/mike/disk/DCIM/127_FUJI/_DSF7463.RAF,_DSF7463.RAF,2026:08:01 16:48:36,1,320,2.0,Mechanical,Single,n/a,3,On,8698,1,2026:08:01 18:48:38+02:00
/run/media/mike/disk/DCIM/127_FUJI/_DSF7464.RAF,_DSF7464.RAF,2026:08:01 16:48:37,1/8,320,2.0,Mechanical,Single,n/a,4,On,8699,1,2026:08:01 18:48:38+02:00
/run/media/mike/disk/DCIM/127_FUJI/_DSF7465.RAF,_DSF7465.RAF,2026:08:01 16:48:37,1/60,320,2.0,Mechanical,Single,n/a,5,On,8700,1,2026:08:01 18:48:38+02:00
/run/media/mike/disk/DCIM/127_FUJI/_DSF7466.RAF,_DSF7466.RAF,2026:08:01 16:48:37,1/4000,320,2.0,Mechanical,Single,n/a,6,On,8701,1,2026:08:01 18:48:38+02:00
/run/media/mike/disk/DCIM/127_FUJI/_DSF7467.RAF,_DSF7467.RAF,2026:08:01 16:48:37,1/8000,320,2.0,Mechanical,Single,n/a,7,On,8702,1,2026:08:01 18:48:38+02:00
/run/media/mike/disk/DCIM/127_FUJI/_DSF7468.RAF,_DSF7468.RAF,2026:08:01 16:48:38,1/8000,320,2.0,Mechanical,Single,n/a,8,On,8703,1,2026:08:01 18:48:38+02:00
/run/media/mike/disk/DCIM/127_FUJI/_DSF7469.RAF,_DSF7469.RAF,2026:08:01 16:48:38,1/8000,320,2.0,Mechanical,Single,n/a,9,On,8704,1,2026:08:01 18:48:38+02:00
/run/media/mike/disk/DCIM/127_FUJI/_DSF7470.RAF,_DSF7470.RAF,2026:08:01 16:48:49,1/500,320,2.0,Mechanical,Single,n/a,1,On,8705,1,2026:08:01 18:48:50+02:00
/run/media/mike/disk/DCIM/127_FUJI/_DSF7471.RAF,_DSF7471.RAF,2026:08:01 16:48:49,8,320,2.0,Mechanical,Single,n/a,2,On,8706,1,2026:08:01 18:48:58+02:00
/run/media/mike/disk/DCIM/127_FUJI/_DSF7472.RAF,_DSF7472.RAF,2026:08:01 16:48:57,1,320,2.0,Mechanical,Single,n/a,3,On,8707,1,2026:08:01 18:48:58+02:00
/run/media/mike/disk/DCIM/127_FUJI/_DSF7473.RAF,_DSF7473.RAF,2026:08:01 16:48:58,1/8,320,2.0,Mechanical,Single,n/a,4,On,8708,1,2026:08:01 18:48:58+02:00
/run/media/mike/disk/DCIM/127_FUJI/_DSF7474.RAF,_DSF7474.RAF,2026:08:01 16:48:59,1/60,320,2.0,Mechanical,Single,n/a,5,On,8709,1,2026:08:01 18:49:00+02:00
/run/media/mike/disk/DCIM/127_FUJI/_DSF7475.RAF,_DSF7475.RAF,2026:08:01 16:48:59,1/4000,320,2.0,Mechanical,Single,n/a,6,On,8710,1,2026:08:01 18:49:00+02:00
/run/media/mike/disk/DCIM/127_FUJI/_DSF7476.RAF,_DSF7476.RAF,2026:08:01 16:48:59,1/8000,320,2.0,Mechanical,Single,n/a,7,On,8711,1,2026:08:01 18:49:00+02:00
/run/media/mike/disk/DCIM/127_FUJI/_DSF7477.RAF,_DSF7477.RAF,2026:08:01 16:48:59,1/8000,320,2.0,Mechanical,Single,n/a,8,On,8712,1,2026:08:01 18:49:00+02:00
/run/media/mike/disk/DCIM/127_FUJI/_DSF7478.RAF,_DSF7478.RAF,2026:08:01 16:48:59,1/8000,320,2.0,Mechanical,Single,n/a,9,On,8713,1,2026:08:01 18:49:00+02:00
